2026-05-18 10:19:18,757 [INFO] ============================================================
2026-05-18 10:19:18,758 [INFO] Starting linked_projects fix
2026-05-18 10:19:18,758 [INFO] Processed dir: /mnt/c/Users/toastedmel0n/Obsidian/Tw1n/processed
2026-05-18 10:19:18,758 [INFO] ============================================================
2026-05-18 10:19:18,812 [INFO] Found 3401 markdown files to process
2026-05-18 10:19:18,827 [INFO] UPDATED: 2025-02-17_Understanding_the_appdata_Windows_Environment_Variable_19546790.md -> added ['homelab-stack']
2026-05-18 10:19:18,844 [INFO] UPDATED: 2025-02-26_Python_Programming_for_Beginners_81485002.md -> added ['homelab-stack']
2026-05-18 10:19:18,871 [INFO] UPDATED: 2025-04-25_Tracking_Solana_and_Memecoins_with_Price_Alerts_77533804.md -> added ['homelab-stack']
2026-05-18 10:19:18,911 [INFO] UPDATED: 2025-09-10_AI_Powered_Blender_Agent_Workflow_77238248.md -> added ['homelab-stack']
2026-05-18 10:19:18,919 [INFO] UPDATED: 2025-09-23_can_you_turn_this_into_a_json_32167352.md -> added ['homelab-stack']
2026-05-18 10:19:18,929 [INFO] UPDATED: 2025-11-13_Business_name_for_PC_repair_and_custom_builds_shop_37877151.md -> added ['homelab-stack', 'private-ai-consulting']
2026-05-18 10:19:18,941 [INFO] UPDATED: 2025-11-13_Tech_services_business_name_ideas_11354879.md -> added ['homelab-stack', 'private-ai-consulting']
2026-05-18 10:19:18,969 [INFO] UPDATED: 2025-11-17_Ollama_server_startup_and_configuration_21643883.md -> added ['homelab-stack']
2026-05-18 10:19:18,986 [INFO] UPDATED: 2025-11-17_Open_source_LLM_for_coding_with_RTX_3070_72758463.md -> added ['homelab-stack']
2026-05-18 10:19:18,997 [INFO] UPDATED: 2025-11-17_Open_source_coding_model_for_Cursor_with_local_hardware_17245894.md -> added ['homelab-stack']
2026-05-18 10:19:19,006 [INFO] UPDATED: 2025-11-17_Open_source_coding_models_for_RTX_3070_43078967.md -> added ['homelab-stack']
2026-05-18 10:19:19,014 [INFO] UPDATED: 2025-11-18_Ollama_CUDA_compatibility_for_RTX_3070_67526640.md -> added ['homelab-stack']
2026-05-18 10:19:19,028 [INFO] UPDATED: 2025-11-18_Ollama_GPU_acceleration_not_detected_30133495.md -> added ['homelab-stack']
2026-05-18 10:19:19,035 [INFO] UPDATED: 2025-11-18_Qwen_25_coder_model_integration_issues_77965493.md -> added ['homelab-stack']
2026-05-18 10:19:19,048 [INFO] UPDATED: 2025-11-18_Uninstalling_CUDA_versions_in_PowerShell_55517243.md -> added ['homelab-stack']
2026-05-18 10:19:19,077 [INFO] UPDATED: 2025-11-30_Flappy_bird_game_with_meme_collection_and_leaderboard_78218227.md -> added ['flappy-meme-bird']
2026-05-18 10:19:19,097 [INFO] UPDATED: 2025-11-30_Flappy_bird_meme_game_with_coin_collection_21907228.md -> added ['flappy-meme-bird', 'homelab-stack']
2026-05-18 10:19:19,122 [INFO] UPDATED: 2025-12-02_Dank_meme_flappy_bird_game_project_29406794.md -> added ['flappy-meme-bird']
2026-05-18 10:19:19,144 [INFO] UPDATED: 2025-12-02_Reviewing_planmd_for_flappy_bird_project_24353316.md -> added ['flappy-meme-bird']
2026-05-18 10:19:19,222 [INFO] UPDATED: 2025-12-08_Coding_project_planning_document_22515825.md -> added ['flappy-meme-bird']
2026-05-18 10:19:19,256 [INFO] UPDATED: 2025-12-08_Verifying_local_git_commits_20791312.md -> added ['flappy-meme-bird']
2026-05-18 10:19:19,372 [INFO] UPDATED: 2026-02-22_OBS_not_appearing_in_app_tray_83381491.md -> added ['streaming-rig']
2026-05-18 10:19:19,422 [INFO] UPDATED: 2026-03-12_LinkedIn_job_titles_beyond_warehousing_50747298.md -> added ['homelab-stack', 'it-certification', 'operation-immortal-agent']
2026-05-18 10:19:19,441 [INFO] UPDATED: 2026-03-16_Frequency_of_AI_solution_posts_on_LinkedIn_30350841.md -> added ['it-certification']
2026-05-18 10:19:19,464 [INFO] UPDATED: 2026-03-16_LinkedIn_profile_title_optimization_25925737.md -> added ['homelab-stack', 'it-certification', 'operation-immortal-agent', 'private-ai-consulting', 'streaming-rig']
2026-05-18 10:19:19,497 [INFO] UPDATED: 2026-03-19_Optimizing_35B_model_performance_with_3070_and_DDR5_RAM_63277711.md -> added ['homelab-stack', 'operation-immortal-agent']
2026-05-18 10:19:19,527 [INFO] UPDATED: 2026-03-19_Setting_up_Claude_with_open_source_models_77946881.md -> added ['operation-immortal-agent']
2026-05-18 10:19:19,544 [INFO] UPDATED: 2026-03-20_GLM_47_model_details_and_context_85746002.md -> added ['homelab-stack', 'operation-immortal-agent']
2026-05-18 10:19:19,604 [INFO] UPDATED: 2026-03-20_Open_source_model_for_local_Claude_alternative_58931820.md -> added ['operation-immortal-agent']
2026-05-18 10:19:19,623 [INFO] UPDATED: 2026-03-24_Installing_Claude_code_on_Tiny_11_12056425.md -> added ['operation-immortal-agent']
2026-05-18 10:19:19,655 [INFO] UPDATED: 2026-03-30_Optimizing_LinkedIn_profile_for_career_transition_73966158.md -> added ['homelab-stack', 'it-certification', 'operation-immortal-agent']
2026-05-18 10:19:19,672 [INFO] UPDATED: 2026-04-01_Writing_a_cover_letter_95600404.md -> added ['homelab-stack', 'it-certification']
2026-05-18 10:19:19,703 [INFO] UPDATED: 2026-04-02_Gemma_4_vs_local_AI_setup_comparison_20568648.md -> added ['operation-immortal-agent']
2026-05-18 10:19:19,710 [INFO] UPDATED: 2026-04-05_Multistreaming_setup_for_Twitter_and_TikTok_19124775.md -> added ['streaming-rig']
2026-05-18 10:19:19,725 [INFO] UPDATED: 2026-04-05_OBS_now_playing_overlay_alternative_62361194.md -> added ['streaming-rig']
2026-05-18 10:19:19,736 [INFO] UPDATED: 2026-04-06_PC_audio_routing_for_multi_platform_streaming_83050034.md -> added ['streaming-rig']
2026-05-18 10:19:19,751 [INFO] UPDATED: 2026-04-07_Downloading_and_organizing_AI_chat_history_27984334.md -> added ['second-brain-vault']
2026-05-18 10:19:19,765 [INFO] UPDATED: 2026-04-07_Exporting_Gemini_chats_to_Obsidian_34672963.md -> added ['homelab-stack', 'second-brain-vault']
2026-05-18 10:19:19,797 [INFO] UPDATED: 2026-04-09_Hermes_agent_project_blueprint_review_47311893.md -> added ['homelab-stack', 'second-brain-vault']
2026-05-18 10:19:19,810 [INFO] UPDATED: 2026-04-09_Understanding_how_agents_work_58054578.md -> added ['operation-immortal-agent', 'second-brain-vault']
2026-05-18 10:19:19,827 [INFO] UPDATED: 2025-02-16_I_really_like_the_style_of_this_ghost_but_I_want_a_generated_49736157.md -> added ['homelab-stack']
2026-05-18 10:19:19,834 [INFO] UPDATED: 2025-02-16_I_really_like_the_style_of_this_ghost_with_sunglasses_but_I__51943442.md -> added ['homelab-stack']
2026-05-18 10:19:19,841 [INFO] UPDATED: 2025-02-16_Not_really_what_I_had_in_mind_Can_you_make_it_more_meme_like_56764483.md -> added ['homelab-stack']
2026-05-18 10:19:19,867 [INFO] UPDATED: 2025-03-28_Do_you_think_that_50_100m_is_possible_with_ghibli_26046266.md -> added ['operation-immortal-agent']
2026-05-18 10:19:19,898 [INFO] UPDATED: 2025-03-28_You_are_a_professional_crypto_memecoin_trader_with_5_years_o_35172367.md -> added ['operation-immortal-agent']
2026-05-18 10:19:19,946 [INFO] UPDATED: 2025-04-07_How_hard_is_the_network_exams_19680861.md -> added ['it-certification']
2026-05-18 10:19:19,953 [INFO] UPDATED: 2025-04-08_Did_this_actually_happen_15809998.md -> added ['homelab-stack']
2026-05-18 10:19:19,989 [INFO] UPDATED: 2025-04-21_Yeah_so_far_so_good_whats_next_10258871.md -> added ['homelab-stack']
2026-05-18 10:19:20,014 [INFO] UPDATED: 2025-04-23_what_is_csv_in_python_59139971.md -> added ['homelab-stack']
2026-05-18 10:19:20,065 [INFO] UPDATED: 2025-04-25_specifically_in_python_18532647.md -> added ['homelab-stack']
2026-05-18 10:19:20,090 [INFO] UPDATED: 2025-04-26_so_at_first_this_started_as_a_solana_price_tracking_project__32861723.md -> added ['homelab-stack']
2026-05-18 10:19:20,098 [INFO] UPDATED: 2025-04-26_you_are_a_coding_professional_with_7_years_of_experience_spe_70434455.md -> added ['homelab-stack']
2026-05-18 10:19:20,106 [INFO] UPDATED: 2025-04-28_What_if_its_984k_81857657.md -> added ['operation-immortal-agent']
2026-05-18 10:19:20,114 [INFO] UPDATED: 2025-04-28_What_should_the_liquidity_be_around_of_a_26_million_market_c_19124019.md -> added ['operation-immortal-agent']
2026-05-18 10:19:20,129 [INFO] UPDATED: 2025-04-29_If_you_had_to_pick_between_the_rog_ally_z1_the_white_one_or__84954801.md -> added ['homelab-stack']
2026-05-18 10:19:20,136 [INFO] UPDATED: 2025-04-29_Is_the_steam_deck_oled_better_than_the_rog_ally_if_you_just__57172543.md -> added ['homelab-stack']
2026-05-18 10:19:20,214 [INFO] UPDATED: 2025-05-04_Can_you_use_moonlight_to_stream_from_your_pc_to_your_phone_r_87250893.md -> added ['homelab-stack', 'streaming-rig']
2026-05-18 10:19:20,229 [INFO] UPDATED: 2025-05-09_Can_you_play_saints_row_2_multiplayer_on_pc_still_in_2025_33788919.md -> added ['homelab-stack']
2026-05-18 10:19:26,991 [INFO] UPDATED: 2025-05-26_Am_I_correct_13448185.md -> added ['homelab-stack']
2026-05-18 10:19:27,017 [INFO] UPDATED: 2025-05-26_Start_research_55631979.md -> added ['homelab-stack', 'private-ai-consulting']
2026-05-18 10:19:27,022 [INFO] UPDATED: 2025-05-26_Untitled_Gemini_16827053.md -> added ['homelab-stack']
2026-05-18 10:19:27,033 [INFO] UPDATED: 2025-05-26_Untitled_Gemini_21281701.md -> added ['homelab-stack']
2026-05-18 10:19:27,059 [INFO] UPDATED: 2025-05-29_BSOD_error_usually_means_what_87509355.md -> added ['homelab-stack']
2026-05-18 10:19:27,068 [INFO] UPDATED: 2025-05-29_Does_tracert_always_indicate_where_a_failure_is_30127647.md -> added ['homelab-stack', 'streaming-rig']
2026-05-18 10:19:27,077 [INFO] UPDATED: 2025-05-29_If_you_dont_know_the_password_to_a_windows_device_because_of_38023835.md -> added ['homelab-stack']
2026-05-18 10:19:19,857 [INFO] UPDATED: 2025-05-29_Is_it_more_efficient_to_config_two_stand_alone_drives_or_use_82945721.md -> added ['homelab-stack']
2026-05-18 10:19:19,864 [INFO] UPDATED: 2025-05-29_RADIUS_protocol_means_what_in_simple_terms_70591443.md -> added ['homelab-stack']
2026-05-18 10:19:19,882 [INFO] UPDATED: 2025-05-29_Untitled_Gemini_36590222.md -> added ['homelab-stack']
2026-05-18 10:19:19,889 [INFO] UPDATED: 2025-05-29_Untitled_Gemini_65983262.md -> added ['homelab-stack']
2026-05-18 10:19:19,904 [INFO] UPDATED: 2025-05-29_Untitled_Gemini_83197053.md -> added ['homelab-stack']
2026-05-18 10:19:19,914 [INFO] UPDATED: 2025-05-29_What_about_a_bootable_cd_47279881.md -> added ['homelab-stack']
2026-05-18 10:19:19,928 [INFO] UPDATED: 2025-05-29_What_helps_paper_jams_in_a_printer_51980252.md -> added ['homelab-stack']
2026-05-18 10:19:19,940 [INFO] UPDATED: 2025-05-29_What_kind_of_server_would_use_a_radius_protocol_on_Linux_85131709.md -> added ['homelab-stack']
2026-05-18 10:19:19,951 [INFO] UPDATED: 2025-05-29_Why_would_bsod_happen_after_a_new_drive_is_installed_41011156.md -> added ['homelab-stack']
2026-05-18 10:19:19,963 [INFO] UPDATED: 2025-05-29_Would_tracert_be_used_to_trace_a_faulty_router_60544498.md -> added ['homelab-stack']
2026-05-18 10:19:19,974 [INFO] UPDATED: 2025-05-31_can_you_give_me_a_list_of_potential_yet_realistic_problems_a_68768736.md -> added ['homelab-stack']
2026-05-18 10:19:19,984 [INFO] UPDATED: 2025-05-31_given_this_goal_im_working_on_expanding_on_a_LinkedIn_post_I_50675475.md -> added ['homelab-stack', 'it-certification']
2026-05-18 10:19:20,004 [INFO] UPDATED: 2025-05-31_how_would_i_write_the_xmp_profile_as_a_problem_i_came_across_71006365.md -> added ['homelab-stack']
2026-05-18 10:19:20,024 [INFO] UPDATED: 2025-05-31_you_are_a_professional_career_coach_with_7_years_of_experien_24597735.md -> added ['homelab-stack', 'it-certification']
2026-05-18 10:19:20,037 [INFO] UPDATED: 2025-06-01_Untitled_Gemini_42711743.md -> added ['homelab-stack']
2026-05-18 10:19:20,046 [INFO] UPDATED: 2025-06-02_Untitled_Gemini_10664796.md -> added ['homelab-stack']
2026-05-18 10:19:20,059 [INFO] UPDATED: 2025-06-02_Untitled_Gemini_82120178.md -> added ['homelab-stack']
2026-05-18 10:19:20,066 [INFO] UPDATED: 2025-06-02_Working_on_studying_for_my_CompTIA_A_exam_and_I_need_help_wo_70219409.md -> added ['homelab-stack', 'it-certification']
2026-05-18 10:19:20,077 [INFO] UPDATED: 2025-06-18_Can_you_make_this_schedule_into_a_nice_little_table_I_can_lo_29698395.md -> added ['it-certification']
2026-05-18 10:19:20,086 [INFO] UPDATED: 2025-06-18_Given_this_conversation_to_build_my_plan_for_the_next_60_day_89305567.md -> added ['it-certification', 'streaming-rig']
2026-05-18 10:19:20,096 [INFO] UPDATED: 2025-06-18_Now_based_on_your_last_response_provide_a_detailed_time_bloc_89600205.md -> added ['it-certification', 'streaming-rig']
2026-05-18 10:19:20,148 [INFO] UPDATED: 2025-06-19_i_need_help_debugging_the_wsl2_environment_working_on_runnin_39278899.md -> added ['homelab-stack']
2026-05-18 10:19:20,165 [INFO] UPDATED: 2025-06-19_venv_bryan_DESKTOP_NG2I0P2text_generation_webui_ls_l_total_1_89503853.md -> added ['homelab-stack']
2026-05-18 10:19:20,192 [INFO] UPDATED: 2025-06-19_venv_bryan_DESKTOP_NG2I0P2text_generation_webuirequirementsf_71307347.md -> added ['homelab-stack']
2026-05-18 10:19:20,200 [INFO] UPDATED: 2025-06-20_what_is_wsl2_simply_put_81540667.md -> added ['homelab-stack']
2026-05-18 10:19:20,210 [INFO] UPDATED: 2025-06-23_140916_767493_INFO_Loading_Nous_Hermes_2_Mistral_7B_DPOQ5_K__56101520.md -> added ['homelab-stack']
2026-05-18 10:19:20,219 [INFO] UPDATED: 2025-06-23_141853_817920_INFO_Loading_Nous_Hermes_2_Mistral_7B_DPOQ5_K__55830168.md -> added ['homelab-stack']
2026-05-18 10:19:20,228 [INFO] UPDATED: 2025-06-23_142124_003826_INFO_Loading_Nous_Hermes_2_Mistral_7B_DPOQ5_K__46071157.md -> added ['homelab-stack']
2026-05-18 10:19:20,236 [INFO] UPDATED: 2025-06-23_142602_382703_INFO_Loading_Nous_Hermes_2_Mistral_7B_DPOQ5_K__17090104.md -> added ['homelab-stack']
2026-05-18 10:19:20,257 [INFO] UPDATED: 2025-06-23_Cvenv_bryan_DESKTOP_NG2I0P2text_generation_webui_python3_Pyt_34838457.md -> added ['homelab-stack']
2026-05-18 10:19:20,266 [INFO] UPDATED: 2025-06-23_PS_CUsersBryan_wsl_l_v_NAME_STATE_VERSION_Ubuntu_Stopped_2_P_33217847.md -> added ['homelab-stack']
2026-05-18 10:19:20,281 [INFO] UPDATED: 2025-06-23_You_are_a_WSL2_wizard_with_7_years_of_experience_specificall_75491291.md -> added ['homelab-stack', 'it-certification']
2026-05-18 10:19:20,292 [INFO] UPDATED: 2025-06-23_all_i_see_on_the_left_is_chat_notebook_parameters_character__39868236.md -> added ['homelab-stack']
2026-05-18 10:19:20,325 [INFO] UPDATED: 2025-06-23_bryan_DESKTOP_NG2I0P2_cd_text_generation_webui_bryan_DESKTOP_64004879.md -> added ['homelab-stack']
2026-05-18 10:19:20,332 [INFO] UPDATED: 2025-06-23_bryan_DESKTOP_NG2I0P2_cd_text_generation_webui_bryan_DESKTOP_88504447.md -> added ['homelab-stack']
2026-05-18 10:19:20,340 [INFO] UPDATED: 2025-06-23_bryan_DESKTOP_NG2I0P2_find_iname_nous_hermes_2_mistral_7b_pr_58650980.md -> added ['homelab-stack']
2026-05-18 10:19:20,351 [INFO] UPDATED: 2025-06-23_bryan_DESKTOP_NG2I0P2text_generation_webui_pip3_install_r_re_19972847.md -> added ['homelab-stack']
2026-05-18 10:19:20,361 [INFO] UPDATED: 2025-06-23_bryan_DESKTOP_NG2I0P2text_generation_webui_python3_m_venv_ve_86957756.md -> added ['homelab-stack']
2026-05-18 10:19:20,372 [INFO] UPDATED: 2025-06-23_bryan_DESKTOP_NG2I0P2text_generation_webui_python3_serverpy__29869278.md -> added ['homelab-stack']
2026-05-18 10:19:20,386 [INFO] UPDATED: 2025-06-23_can_you_gather_some_of_those_for_me_74884083.md -> added ['homelab-stack']
2026-05-18 10:19:20,397 [INFO] UPDATED: 2025-06-23_do_i_need_to_launch_wsl_through_powershell_if_i_have_ubuntu__58907552.md -> added ['homelab-stack']
2026-05-18 10:19:20,408 [INFO] UPDATED: 2025-06-23_for_sure_i_was_just_curious_so_now_that_we_have_those_few_th_58741353.md -> added ['homelab-stack']
2026-05-18 10:19:20,431 [INFO] UPDATED: 2025-06-23_i_cant_just_run_that_in_wsl2_23805546.md -> added ['homelab-stack']
2026-05-18 10:19:20,446 [INFO] UPDATED: 2025-06-23_i_still_have_oobabooga_open_and_i_havent_made_the_data_sourc_78003579.md -> added ['homelab-stack']
2026-05-18 10:19:20,457 [INFO] UPDATED: 2025-06-23_if_data_in_response_and_lenresponsedata_0_model_info_respons_58332217.md -> added ['homelab-stack']
2026-05-18 10:19:20,466 [INFO] UPDATED: 2025-06-23_if_i_were_to_boot_up_a_fresh_wsl2_instance_how_would_i_get_b_40782166.md -> added ['homelab-stack']
2026-05-18 10:19:20,474 [INFO] UPDATED: 2025-06-23_if_i_were_to_gather_these_documents_what_would_be_the_most_d_79446769.md -> added ['homelab-stack']
2026-05-18 10:19:20,484 [INFO] UPDATED: 2025-06-23_ill_send_over_whats_in_the_nano_file_around_259_260_19699109.md -> added ['homelab-stack']
2026-05-18 10:19:20,493 [INFO] UPDATED: 2025-06-23_im_at_the_extension_part_this_is_all_i_see_58624149.md -> added ['homelab-stack']
2026-05-18 10:19:20,507 [INFO] UPDATED: 2025-06-23_im_here_venv_bryan_DESKTOP_NG2I0P2text_generation_webui_90256384.md -> added ['homelab-stack']
2026-05-18 10:19:20,515 [INFO] UPDATED: 2025-06-23_in_order_to_find_where_this_model_is_what_do_i_need_to_do_50773880.md -> added ['homelab-stack']
2026-05-18 10:19:20,529 [INFO] UPDATED: 2025-06-23_is_the_fact_that_the_state_of_ubuntu_is_stopped_61213014.md -> added ['homelab-stack']
2026-05-18 10:19:20,537 [INFO] UPDATED: 2025-06-23_is_there_a_way_to_easily_boot_straight_up_and_get_going_in_o_84779426.md -> added ['homelab-stack']
2026-05-18 10:19:20,551 [INFO] UPDATED: 2025-06-23_lets_go_with_option_1_since_its_recommended_and_cleanest_sol_59116196.md -> added ['homelab-stack']
2026-05-18 10:19:20,558 [INFO] UPDATED: 2025-06-23_so_Im_here_bryan_DESKTOP_NG2I0P2_32235643.md -> added ['homelab-stack']
2026-05-18 10:19:20,566 [INFO] UPDATED: 2025-06-23_so_everything_seemed_to_install_and_i_seen_gradio_in_there_w_42480404.md -> added ['homelab-stack']
2026-05-18 10:19:20,577 [INFO] UPDATED: 2025-06-23_so_for_this_particular_use_case_im_working_on_making_this_a__14911032.md -> added ['homelab-stack', 'private-ai-consulting', 'second-brain-vault']
2026-05-18 10:19:20,587 [INFO] UPDATED: 2025-06-23_so_i_made_all_the_txt_files_and_theyre_in_the_data_sources_f_71969448.md -> added ['homelab-stack']
2026-05-18 10:19:20,596 [INFO] UPDATED: 2025-06-23_so_if_i_wanted_to_adjust_its_personality_how_would_i_go_abou_72383171.md -> added ['homelab-stack']
2026-05-18 10:19:20,607 [INFO] UPDATED: 2025-06-23_so_now_that_i_have_the_character_behaving_properly_gave_it_a_78870267.md -> added ['homelab-stack']
2026-05-18 10:19:20,617 [INFO] UPDATED: 2025-06-23_so_now_that_i_have_the_model_interacting_within_oobabooga_wh_60810999.md -> added ['homelab-stack']
2026-05-18 10:19:20,627 [INFO] UPDATED: 2025-06-23_so_the_model_popped_up_finally_in_the_drop_down_menu_but_whe_16104995.md -> added ['homelab-stack']
2026-05-18 10:19:20,637 [INFO] UPDATED: 2025-06-23_so_to_kind_of_slow_it_down_some_what_are_some_documents_i_sh_81710596.md -> added ['homelab-stack']
2026-05-18 10:19:20,666 [INFO] UPDATED: 2025-06-23_this_is_what_i_see_in_between_these_lines_response_selfsessi_46324522.md -> added ['homelab-stack']
2026-05-18 10:19:20,674 [INFO] UPDATED: 2025-06-23_this_still_all_i_see_character_bias_coqui_tts_example_galler_75257393.md -> added ['homelab-stack']
2026-05-18 10:19:20,698 [INFO] UPDATED: 2025-06-23_venv_bryan_DESKTOP_NG2I0P2text_generation_webui_deactivate_b_70861130.md -> added ['homelab-stack']
2026-05-18 10:19:20,706 [INFO] UPDATED: 2025-06-23_venv_bryan_DESKTOP_NG2I0P2text_generation_webui_git_fetch_or_91649516.md -> added ['homelab-stack']
2026-05-18 10:19:20,734 [INFO] UPDATED: 2025-06-23_venv_bryan_DESKTOP_NG2I0P2text_generation_webui_ls_la_total__50328506.md -> added ['homelab-stack']
2026-05-18 10:19:20,742 [INFO] UPDATED: 2025-06-23_venv_bryan_DESKTOP_NG2I0P2text_generation_webui_ls_requireme_16727354.md -> added ['homelab-stack']
2026-05-18 10:19:20,752 [INFO] UPDATED: 2025-06-23_venv_bryan_DESKTOP_NG2I0P2text_generation_webui_pip_install__17842645.md -> added ['homelab-stack']
2026-05-18 10:19:20,766 [INFO] UPDATED: 2025-06-23_venv_bryan_DESKTOP_NG2I0P2text_generation_webui_pip_install__28493807.md -> added ['homelab-stack']
2026-05-18 10:19:20,774 [INFO] UPDATED: 2025-06-23_venv_bryan_DESKTOP_NG2I0P2text_generation_webui_pip_install__58021312.md -> added ['homelab-stack']
2026-05-18 10:19:20,803 [INFO] UPDATED: 2025-06-23_venv_bryan_DESKTOP_NG2I0P2text_generation_webui_pip_install__63370780.md -> added ['homelab-stack']
2026-05-18 10:19:20,814 [INFO] UPDATED: 2025-06-23_venv_bryan_DESKTOP_NG2I0P2text_generation_webui_python3_serv_11954655.md -> added ['homelab-stack']
2026-05-18 10:19:20,823 [INFO] UPDATED: 2025-06-23_venv_bryan_DESKTOP_NG2I0P2text_generation_webui_python3_serv_40286245.md -> added ['homelab-stack']
2026-05-18 10:19:20,839 [INFO] UPDATED: 2025-06-23_venv_bryan_DESKTOP_NG2I0P2text_generation_webui_start_linuxs_90771704.md -> added ['homelab-stack']
2026-05-18 10:19:20,853 [INFO] UPDATED: 2025-06-23_what_should_i_name_the_chatbot_27325787.md -> added ['homelab-stack', 'private-ai-consulting']
2026-05-18 10:19:20,870 [INFO] UPDATED: 2025-06-23_without_the_startup_script_how_would_i_go_about_it_28208066.md -> added ['homelab-stack']
2026-05-18 10:19:20,881 [INFO] UPDATED: 2025-06-24_Can_you_do_that_through_WSL2_or_no_54567813.md -> added ['homelab-stack']
2026-05-18 10:19:20,901 [INFO] UPDATED: 2025-06-24_I_was_gonna_say_setting_up_oobabooga_shouldnt_have_been_such_47220961.md -> added ['homelab-stack']
2026-05-18 10:19:20,921 [INFO] UPDATED: 2025-06-24_Installing_collected_packages_markdown_Successfully_installe_44966475.md -> added ['homelab-stack']
2026-05-18 10:19:20,930 [INFO] UPDATED: 2025-06-24_Just_brainstorming_for_the_time_being_but_I_completely_wiped_31762773.md -> added ['homelab-stack']
2026-05-18 10:19:20,970 [INFO] UPDATED: 2025-06-24_Well_if_Im_trying_to_keep_it_separate_from_my_window_stuff_t_11837975.md -> added ['homelab-stack']
2026-05-18 10:19:20,989 [INFO] UPDATED: 2025-06-24_You_are_a_WSL2_wizard_with_7_years_of_experience_specificall_75491291.md -> added ['homelab-stack', 'it-certification']
2026-05-18 10:19:21,000 [INFO] UPDATED: 2025-06-24_after_running_step_2_i_got_venv_bryan_DESKTOP_NG2I0P2text_ge_11389357.md -> added ['homelab-stack']
2026-05-18 10:19:21,010 [INFO] UPDATED: 2025-06-24_are_those_also_safe_to_remove_i_want_no_residuals_from_anyth_52035527.md -> added ['homelab-stack']
2026-05-18 10:19:21,047 [INFO] UPDATED: 2025-06-24_bet_so_the_last_thing_that_happened_was_this_bryan_DESKTOP_N_47230899.md -> added ['homelab-stack']
2026-05-18 10:19:21,068 [INFO] UPDATED: 2025-06-24_bryan_DESKTOP_NG2I0P2_cd_text_generation_webuiextensions_bry_40665107.md -> added ['homelab-stack']
2026-05-18 10:19:21,081 [INFO] UPDATED: 2025-06-24_bryan_DESKTOP_NG2I0P2_ping_googlecom_PING_googlecom_14225019_79727543.md -> added ['homelab-stack']
2026-05-18 10:19:21,110 [INFO] UPDATED: 2025-06-24_bryan_DESKTOP_NG2I0P2_sudo_apt_update_Hit1_httparchiveubuntu_58485357.md -> added ['homelab-stack']
2026-05-18 10:19:21,123 [INFO] UPDATED: 2025-06-24_bryan_DESKTOP_NG2I0P2_sudo_apt_update_sudo_apt_y_install_cud_86636800.md -> added ['homelab-stack']
2026-05-18 10:19:21,137 [INFO] UPDATED: 2025-06-24_bryan_DESKTOP_NG2I0P2_sudo_update_alternatives_install_usrbi_77138635.md -> added ['homelab-stack']
2026-05-18 10:19:21,147 [INFO] UPDATED: 2025-06-24_bryan_DESKTOP_NG2I0P2_wget_httparchiveubuntucomubuntupoolmai_63271876.md -> added ['homelab-stack']
2026-05-18 10:19:21,157 [INFO] UPDATED: 2025-06-24_bryan_DESKTOP_NG2I0P2_wget_httpsecurityubuntucomubuntupoolma_37795850.md -> added ['homelab-stack']
2026-05-18 10:19:21,168 [INFO] UPDATED: 2025-06-24_bryan_DESKTOP_NG2I0P2_wget_httpsecurityubuntucomubuntupoolma_49560545.md -> added ['homelab-stack']
2026-05-18 10:19:21,182 [INFO] UPDATED: 2025-06-24_bryan_DESKTOP_NG2I0P2_wget_httpsecurityubuntucomubuntupoolma_92115487.md -> added ['homelab-stack']
2026-05-18 10:19:21,223 [INFO] UPDATED: 2025-06-24_bryan_DESKTOP_NG2I0P2text_generation_webuiextensions_cd_text_36394251.md -> added ['homelab-stack']
2026-05-18 10:19:21,237 [INFO] UPDATED: 2025-06-24_bryan_DESKTOP_NG2I0P2text_generation_webuiextensions_cd_text_62803103.md -> added ['homelab-stack']
2026-05-18 10:19:21,266 [INFO] UPDATED: 2025-06-24_bryan_DESKTOP_NG2I0P2text_generation_webuirepositoriesllamac_69258641.md -> added ['homelab-stack']
2026-05-18 10:19:21,278 [INFO] UPDATED: 2025-06-24_bryan_DESKTOP_NG2I0P2text_generation_webuiuser_datamodels_cd_57290367.md -> added ['homelab-stack']
2026-05-18 10:19:21,287 [INFO] UPDATED: 2025-06-24_but_wasnt_the_python_version_why_superboogav2_didnt_show_up_47456660.md -> added ['homelab-stack']
2026-05-18 10:19:21,304 [INFO] UPDATED: 2025-06-24_can_we_check_the_superboogav2_folder_first_37563661.md -> added ['homelab-stack']
2026-05-18 10:19:21,313 [INFO] UPDATED: 2025-06-24_can_we_double_check_that_superbooga_v2_is_in_my_extension_fo_52077257.md -> added ['homelab-stack']
2026-05-18 10:19:21,375 [INFO] UPDATED: 2025-06-24_did_those_two_things_this_is_where_we_are_venv_bryan_DESKTOP_11527433.md -> added ['homelab-stack']
2026-05-18 10:19:21,391 [INFO] UPDATED: 2025-06-24_edge_didnt_have_the_tab_either_82536030.md -> added ['homelab-stack']
2026-05-18 10:19:21,403 [INFO] UPDATED: 2025-06-24_homebryan_text_generation_webuivenvlibpython312site_packages_36555040.md -> added ['homelab-stack']
2026-05-18 10:19:21,418 [INFO] UPDATED: 2025-06-24_i_clicked_the_box_and_saved_it_but_in_wsl2_this_happened_Clo_31666601.md -> added ['homelab-stack']
2026-05-18 10:19:21,432 [INFO] UPDATED: 2025-06-24_i_just_closed_and_reopened_wsl2_for_step_2_84801316.md -> added ['homelab-stack']
2026-05-18 10:19:21,439 [INFO] UPDATED: 2025-06-24_i_thought_i_already_had_Nous_Hermes_2_Mistral_7B_76400050.md -> added ['homelab-stack']
2026-05-18 10:19:21,446 [INFO] UPDATED: 2025-06-24_i_want_my_whole_project_that_ive_worked_on_to_be_gone_from_w_37123108.md -> added ['homelab-stack']
2026-05-18 10:19:21,455 [INFO] UPDATED: 2025-06-24_i_want_to_tackle_it_later_on_so_to_get_to_a_point_of_a_fresh_90523221.md -> added ['homelab-stack']
2026-05-18 10:19:21,481 [INFO] UPDATED: 2025-06-24_nothing_pops_up_here_when_i_run_that_command_but_i_can_run_t_29405846.md -> added ['homelab-stack']
2026-05-18 10:19:21,504 [INFO] UPDATED: 2025-06-24_pip_uninstall_gradio_gradio_client_y_pip_uninstall_r_require_26833459.md -> added ['homelab-stack']
2026-05-18 10:19:21,519 [INFO] UPDATED: 2025-06-24_running_the_url_didnt_connect_to_the_webui_the_thing_i_got_w_19659211.md -> added ['homelab-stack']
2026-05-18 10:19:21,529 [INFO] UPDATED: 2025-06-24_so_from_bryan_DESKTOP_NG2I0P2text_generation_webuirepositori_41766435.md -> added ['homelab-stack']
2026-05-18 10:19:21,543 [INFO] UPDATED: 2025-06-24_so_while_we_wait_can_you_explain_what_were_doing_right_now_i_54812186.md -> added ['homelab-stack']
2026-05-18 10:19:21,557 [INFO] UPDATED: 2025-06-24_superbooga_is_checked_but_i_dont_see_a_tab_for_it_43779850.md -> added ['homelab-stack']
2026-05-18 10:19:21,564 [INFO] UPDATED: 2025-06-24_this_is_the_command_that_got_me_to_connect_with_it_before_i__53562730.md -> added ['homelab-stack']
2026-05-18 10:19:21,598 [INFO] UPDATED: 2025-06-24_this_is_what_happened_so_far_venv_bryan_DESKTOP_NG2I0P2text__52919213.md -> added ['homelab-stack']
2026-05-18 10:19:21,607 [INFO] UPDATED: 2025-06-24_this_is_what_i_see_i_cant_find_where_to_se_the_model_path_84956426.md -> added ['homelab-stack']
2026-05-18 10:19:21,676 [INFO] UPDATED: 2025-06-24_venv_bryan_DESKTOP_NG2I0P2text_generation_webui_cat_server_o_21881263.md -> added ['homelab-stack']
2026-05-18 10:19:21,685 [INFO] UPDATED: 2025-06-24_venv_bryan_DESKTOP_NG2I0P2text_generation_webui_cd_text_gene_14986010.md -> added ['homelab-stack']
2026-05-18 10:19:21,696 [INFO] UPDATED: 2025-06-24_venv_bryan_DESKTOP_NG2I0P2text_generation_webui_cd_text_gene_15567991.md -> added ['homelab-stack']
2026-05-18 10:19:21,704 [INFO] UPDATED: 2025-06-24_venv_bryan_DESKTOP_NG2I0P2text_generation_webui_cd_venv_brya_48192665.md -> added ['homelab-stack']
2026-05-18 10:19:21,743 [INFO] UPDATED: 2025-06-24_venv_bryan_DESKTOP_NG2I0P2text_generation_webui_ls_l_require_70537616.md -> added ['homelab-stack']
2026-05-18 10:19:21,759 [INFO] UPDATED: 2025-06-24_venv_bryan_DESKTOP_NG2I0P2text_generation_webui_ls_l_total_2_73264153.md -> added ['homelab-stack']
2026-05-18 10:19:21,776 [INFO] UPDATED: 2025-06-24_venv_bryan_DESKTOP_NG2I0P2text_generation_webui_pip_install__10469916.md -> added ['homelab-stack']
2026-05-18 10:19:21,788 [INFO] UPDATED: 2025-06-24_venv_bryan_DESKTOP_NG2I0P2text_generation_webui_pip_install__19878584.md -> added ['homelab-stack']
2026-05-18 10:19:21,828 [INFO] UPDATED: 2025-06-24_venv_bryan_DESKTOP_NG2I0P2text_generation_webui_pip_install__63370780.md -> added ['homelab-stack']
2026-05-18 10:19:21,866 [INFO] UPDATED: 2025-06-24_venv_bryan_DESKTOP_NG2I0P2text_generation_webui_pip_install__64956075.md -> added ['homelab-stack']
2026-05-18 10:19:21,888 [INFO] UPDATED: 2025-06-24_venv_bryan_DESKTOP_NG2I0P2text_generation_webui_pwd_homebrya_54371041.md -> added ['homelab-stack']
2026-05-18 10:19:21,931 [INFO] UPDATED: 2025-06-24_venv_bryan_DESKTOP_NG2I0P2text_generation_webui_python3_serv_38346465.md -> added ['homelab-stack']
2026-05-18 10:19:21,950 [INFO] UPDATED: 2025-06-24_venv_bryan_DESKTOP_NG2I0P2text_generation_webui_python3_serv_53736139.md -> added ['homelab-stack']
2026-05-18 10:19:21,959 [INFO] UPDATED: 2025-06-24_venv_bryan_DESKTOP_NG2I0P2text_generation_webui_python3_serv_69231200.md -> added ['homelab-stack']
2026-05-18 10:19:21,977 [INFO] UPDATED: 2025-06-24_venv_bryan_DESKTOP_NG2I0P2text_generation_webui_python3_serv_82282506.md -> added ['homelab-stack']
2026-05-18 10:19:21,990 [INFO] UPDATED: 2025-06-24_venv_bryan_DESKTOP_NG2I0P2text_generation_webui_python3_vers_11652607.md -> added ['homelab-stack']
2026-05-18 10:19:22,002 [INFO] UPDATED: 2025-06-24_venv_bryan_DESKTOP_NG2I0P2text_generation_webui_python_versi_23498816.md -> added ['homelab-stack']
2026-05-18 10:19:22,011 [INFO] UPDATED: 2025-06-24_venv_bryan_DESKTOP_NG2I0P2text_generation_webui_rm_rf_venv_v_54268784.md -> added ['homelab-stack']
2026-05-18 10:19:22,043 [INFO] UPDATED: 2025-06-24_venv_bryan_DESKTOP_NG2I0P2text_generation_webuiextensionssup_60100010.md -> added ['homelab-stack']
2026-05-18 10:19:22,055 [INFO] UPDATED: 2025-06-24_well_now_the_superboogav2_box_is_unchecked_and_during_this_s_50072630.md -> added ['homelab-stack']
2026-05-18 10:19:22,066 [INFO] UPDATED: 2025-06-24_what_are_the_other_options_that_popped_up_when_running_ls_33312787.md -> added ['homelab-stack']
2026-05-18 10:19:22,089 [INFO] UPDATED: 2025-06-24_when_i_ran_that_command_it_didnt_download_anything_and_outpu_50907426.md -> added ['homelab-stack']
2026-05-18 10:19:22,099 [INFO] UPDATED: 2025-06-24_working_on_step_2_one_command_at_a_time_and_got_this_bryan_D_56156095.md -> added ['homelab-stack']
2026-05-18 10:19:22,110 [INFO] UPDATED: 2025-06-24_would_it_be_in_this_tab_64875329.md -> added ['homelab-stack']
2026-05-18 10:19:22,128 [INFO] UPDATED: 2025-06-24_wouldnt_it_just_because_it_has_no_model_to_load_43087123.md -> added ['homelab-stack']
2026-05-18 10:19:22,138 [INFO] UPDATED: 2025-06-24_yeah_still_no_superboogav2_even_though_its_checked_and_i_fol_51556455.md -> added ['homelab-stack']
2026-05-18 10:19:22,151 [INFO] UPDATED: 2025-06-25_Do_any_of_the_python_packages_we_already_installed_at_least__38195953.md -> added ['homelab-stack']
2026-05-18 10:19:22,171 [INFO] UPDATED: 2025-06-25_PS_CWINDOWSsystem32_wsl_list_verbose_NAME_STATE_VERSION_Ubun_81455325.md -> added ['homelab-stack']
2026-05-18 10:19:22,182 [INFO] UPDATED: 2025-06-25_PS_CWINDOWSsystem32_wsl_list_verbose_Windows_Subsystem_for_L_31624298.md -> added ['homelab-stack']
2026-05-18 10:19:22,195 [INFO] UPDATED: 2025-06-25_What_would_be_the_best_parameters_to_use_for_this_specific_u_88148605.md -> added ['homelab-stack']
2026-05-18 10:19:22,206 [INFO] UPDATED: 2025-06-25_You_are_a_WSL2_wizard_with_7_years_of_experience_specificall_75491291.md -> added ['homelab-stack', 'it-certification']
2026-05-18 10:19:22,248 [INFO] UPDATED: 2025-06-25_bryan_DESKTOP_NG2I0P2_nvidia_smi_Wed_Jun_25_113057_2025_NVID_65098262.md -> added ['homelab-stack']
2026-05-18 10:19:22,307 [INFO] UPDATED: 2025-06-25_did_both_and_this_was_the_output_Hit1_httparchiveubuntucomub_44165531.md -> added ['homelab-stack']
2026-05-18 10:19:22,323 [INFO] UPDATED: 2025-06-25_do_each_of_these_tools_work_within_wsl2_and_communicate_73408915.md -> added ['homelab-stack']
2026-05-18 10:19:22,339 [INFO] UPDATED: 2025-06-25_for_making_a_personal_helpdesk_ai_assistant_would_you_say_th_88033229.md -> added ['private-ai-consulting', 'second-brain-vault']
2026-05-18 10:19:22,349 [INFO] UPDATED: 2025-06-25_how_can_i_determine_what_version_of_oobabooga_im_on_so_i_can_71443106.md -> added ['homelab-stack']
2026-05-18 10:19:22,358 [INFO] UPDATED: 2025-06-25_how_easy_would_that_be_to_incorporate_for_this_project_74107346.md -> added ['homelab-stack']
2026-05-18 10:19:22,370 [INFO] UPDATED: 2025-06-25_i_see_lllm_assist_and_then_bryan_DESKTOP_NG2I0P2_87486329.md -> added ['homelab-stack']
2026-05-18 10:19:22,379 [INFO] UPDATED: 2025-06-25_i_tested_those_questions_and_i_really_like_the_tone_that_it__85013265.md -> added ['homelab-stack', 'streaming-rig']
2026-05-18 10:19:22,389 [INFO] UPDATED: 2025-06-25_if_i_were_to_customize_this_LLM_to_REALLY_be_the_best_possib_15527583.md -> added ['homelab-stack', 'it-certification', 'second-brain-vault']
2026-05-18 10:19:22,446 [INFO] UPDATED: 2025-06-25_llm_assist_bryan_DESKTOP_NG2I0P2_CMAKE_ARGS_DGGML_CUDAon_FOR_23993800.md -> added ['homelab-stack']
2026-05-18 10:19:22,466 [INFO] UPDATED: 2025-06-25_llm_assist_bryan_DESKTOP_NG2I0P2_python_c_import_torch_print_90467877.md -> added ['homelab-stack']
2026-05-18 10:19:22,482 [INFO] UPDATED: 2025-06-25_my_fault_it_doesnt_let_me_paste_the_entire_message_because_i_55019627.md -> added ['homelab-stack']
2026-05-18 10:19:22,494 [INFO] UPDATED: 2025-06-25_okay_so_it_went_and_did_its_thing_and_now_we_here_http127001_79225016.md -> added ['homelab-stack']
2026-05-18 10:19:22,509 [INFO] UPDATED: 2025-06-25_opened_it_and_got_here_To_run_a_command_as_administrator_use_64552733.md -> added ['homelab-stack']
2026-05-18 10:19:22,528 [INFO] UPDATED: 2025-06-25_ran_that_and_this_what_the_output_at_the_end_Adding_debianTr_18600452.md -> added ['homelab-stack']
2026-05-18 10:19:22,540 [INFO] UPDATED: 2025-06-25_ran_those_commands_and_got_base_bryan_DESKTOP_NG2I0P2_cd_tex_66745047.md -> added ['homelab-stack']
2026-05-18 10:19:22,552 [INFO] UPDATED: 2025-06-25_so_from_doing_the_character_building_and_the_parameter_chang_36068605.md -> added ['homelab-stack']
2026-05-18 10:19:22,559 [INFO] UPDATED: 2025-06-25_so_i_did_those_two_things_and_it_seems_to_be_what_im_trying__28900564.md -> added ['homelab-stack', 'second-brain-vault']
2026-05-18 10:19:22,570 [INFO] UPDATED: 2025-06-25_so_i_only_see_one_option_and_then_the_options_in_the_store_l_46063925.md -> added ['homelab-stack']
2026-05-18 10:19:22,584 [INFO] UPDATED: 2025-06-25_so_if_i_were_to_want_to_easily_get_back_into_oobabooga_ona_f_21097170.md -> added ['homelab-stack']
2026-05-18 10:19:22,591 [INFO] UPDATED: 2025-06-25_so_if_im_in_llm_assist_bryan_DESKTOP_NG2I0P2_what_would_i_do_74263478.md -> added ['homelab-stack']
2026-05-18 10:19:22,605 [INFO] UPDATED: 2025-06-25_so_now_from_what_i_was_looking_online_at_doesnt_it_make_sens_19741717.md -> added ['homelab-stack']
2026-05-18 10:19:22,617 [INFO] UPDATED: 2025-06-25_so_now_that_i_reinstalled_ubuntu_do_i_have_to_stay_in_this_p_25610012.md -> added ['homelab-stack']
2026-05-18 10:19:22,625 [INFO] UPDATED: 2025-06-25_so_now_that_i_settled_on_a_model_to_use_and_it_seems_to_be_j_13256778.md -> added ['homelab-stack']
2026-05-18 10:19:22,632 [INFO] UPDATED: 2025-06-25_so_now_that_we_got_everything_properly_installed_how_do_i_go_44718812.md -> added ['homelab-stack']
2026-05-18 10:19:22,643 [INFO] UPDATED: 2025-06-25_so_what_do_i_do_from_where_i_am_now_54146525.md -> added ['homelab-stack']
2026-05-18 10:19:22,648 [INFO] UPDATED: 2025-06-25_so_when_i_boot_up_now_itll_always_have_base_bryan_DESKTOP_NG_70556811.md -> added ['homelab-stack']
2026-05-18 10:19:22,653 [INFO] UPDATED: 2025-06-25_thats_it_46470491.md -> added ['homelab-stack']
2026-05-18 10:19:22,666 [INFO] Progress: 500/3401 files processed...
2026-05-18 10:19:22,671 [INFO] UPDATED: 2025-06-25_this_happened_in_wsl2_main_server_is_listening_on_http127001_44649745.md -> added ['homelab-stack']
2026-05-18 10:19:22,738 [INFO] UPDATED: 2025-06-25_this_is_what_it_spat_out_homebryan_miniconda3envsllm_assistc_80789185.md -> added ['homelab-stack', 'private-ai-consulting']
2026-05-18 10:19:22,751 [INFO] UPDATED: 2025-06-25_this_it_17811573.md -> added ['homelab-stack']
2026-05-18 10:19:22,766 [INFO] UPDATED: 2025-06-25_this_section_74009615.md -> added ['homelab-stack']
2026-05-18 10:19:22,780 [INFO] UPDATED: 2025-06-25_to_ensure_its_the_right_one_i_deleted_the_old_one_from_my_de_19142373.md -> added ['homelab-stack']
2026-05-18 10:19:22,792 [INFO] UPDATED: 2025-06-25_what_about_the_preset_in_parameters_62800805.md -> added ['homelab-stack']
2026-05-18 10:19:22,811 [INFO] UPDATED: 2025-06-25_what_is_the_best_way_of_getting_oobabooga_up_and_running_her_86187659.md -> added ['homelab-stack']
2026-05-18 10:19:22,840 [INFO] UPDATED: 2025-06-26_Im_talking_about_the_self_hosted_AI_Helpdesk_Assistant_proje_36773115.md -> added ['homelab-stack']
2026-05-18 10:19:22,849 [INFO] UPDATED: 2025-06-26_can_you_make_them_a_little_shorter_and_word_it_in_a_way_that_25027185.md -> added ['homelab-stack']
2026-05-18 10:19:22,876 [INFO] UPDATED: 2025-06-27_Just_brainstorming_here_but_couldnt_I_technically_use_my_off_35210570.md -> added ['homelab-stack']
2026-05-18 10:19:22,891 [INFO] UPDATED: 2025-07-02_You_are_a_WSL2_wizard_with_7_years_of_experience_specificall_75491291.md -> added ['homelab-stack', 'it-certification']
2026-05-18 10:19:22,910 [INFO] UPDATED: 2025-07-02_i_start_it_up_with_start_linuxsh_41482831.md -> added ['homelab-stack']
2026-05-18 10:19:22,925 [INFO] UPDATED: 2025-07-02_okay_for_context_we_already_have_oobabooga_up_and_running_co_36880878.md -> added ['homelab-stack']
2026-05-18 10:19:22,978 [INFO] UPDATED: 2025-07-03_can_you_explain_it_in_a_more_easily_digestible_way_before_we_31402393.md -> added ['homelab-stack']
2026-05-18 10:19:23,020 [INFO] UPDATED: 2025-07-03_i_remember_i_had_some_txt_doc_i_made_that_i_had_put_in_a_fol_64787698.md -> added ['homelab-stack']
2026-05-18 10:19:23,032 [INFO] UPDATED: 2025-07-03_modulesjson_100_349349_00000000_427MBs_config_sentence_trans_29795861.md -> added ['homelab-stack']
2026-05-18 10:19:23,046 [INFO] UPDATED: 2025-07-03_no_i_was_just_saying_i_got_those_in_the_proper_folder_but_no_91479255.md -> added ['homelab-stack']
2026-05-18 10:19:23,076 [INFO] UPDATED: 2025-07-03_okay_that_makes_more_sense_im_currently_here_in_wsl2_and_i_n_45235323.md -> added ['homelab-stack']
2026-05-18 10:19:23,088 [INFO] UPDATED: 2025-07-03_so_i_already_have_a_list_of_issues_and_solutions_i_want_to_a_51523122.md -> added ['homelab-stack']
2026-05-18 10:19:23,099 [INFO] UPDATED: 2025-07-03_there_wasnt_any_errors_during_the_pip_install_whats_next_64393363.md -> added ['second-brain-vault']
2026-05-18 10:19:23,132 [INFO] UPDATED: 2025-07-03_this_all_thats_in_there_68011989.md -> added ['homelab-stack']
2026-05-18 10:19:23,140 [INFO] UPDATED: 2025-07-03_would_it_be_possible_when_we_reset_the_whole_ubuntu_environm_26271817.md -> added ['homelab-stack']
2026-05-18 10:19:23,185 [INFO] UPDATED: 2025-07-05_Closing_server_running_on_port_7860_132719_628255_INFO_Loadi_80682154.md -> added ['homelab-stack']
2026-05-18 10:19:23,205 [INFO] UPDATED: 2025-07-05_Embedding_model_loaded_Creating_ChromaDB_vector_store_Vector_80416116.md -> added ['homelab-stack']
2026-05-18 10:19:23,217 [INFO] UPDATED: 2025-07-05_Traceback_most_recent_call_last_File_homebryan_text_generati_19425189.md -> added ['homelab-stack']
2026-05-18 10:19:23,236 [INFO] UPDATED: 2025-07-05_Untitled_Gemini_20690103.md -> added ['homelab-stack']
2026-05-18 10:19:23,258 [INFO] UPDATED: 2025-07-05_You_my_wifi_drops_frequently_AI_Thinking_homebryan_helpdesk__46258251.md -> added ['homelab-stack']
2026-05-18 10:19:23,275 [INFO] UPDATED: 2025-07-05_base_bryan_DESKTOP_NG2I0P2_cd_text_generation_webui_base_bry_19252960.md -> added ['homelab-stack']
2026-05-18 10:19:23,333 [INFO] UPDATED: 2025-07-05_base_bryan_DESKTOP_NG2I0P2text_generation_webui_ls_F_install_47347384.md -> added ['homelab-stack']
2026-05-18 10:19:23,357 [INFO] UPDATED: 2025-07-05_base_bryan_DESKTOP_NG2I0P2text_generation_webui_ls_l_install_92158531.md -> added ['homelab-stack']
2026-05-18 10:19:23,374 [INFO] UPDATED: 2025-07-05_base_bryan_DESKTOP_NG2I0P2text_generation_webui_ls_user_data_26781590.md -> added ['homelab-stack']
2026-05-18 10:19:23,381 [INFO] UPDATED: 2025-07-05_base_bryan_DESKTOP_NG2I0P2text_generation_webui_python_serve_26571650.md -> added ['homelab-stack']
2026-05-18 10:19:23,392 [INFO] UPDATED: 2025-07-05_base_bryan_DESKTOP_NG2I0P2text_generation_webui_python_serve_72422927.md -> added ['homelab-stack']
2026-05-18 10:19:23,403 [INFO] UPDATED: 2025-07-05_base_bryan_DESKTOP_NG2I0P2text_generation_webui_source_insta_71961508.md -> added ['homelab-stack']
2026-05-18 10:19:23,409 [INFO] UPDATED: 2025-07-05_base_bryan_DESKTOP_NG2I0P2text_generation_webui_source_insta_78511369.md -> added ['homelab-stack']
2026-05-18 10:19:23,417 [INFO] UPDATED: 2025-07-05_base_bryan_DESKTOP_NG2I0P2text_generation_webui_start_linuxs_40620581.md -> added ['homelab-stack']
2026-05-18 10:19:23,427 [INFO] UPDATED: 2025-07-05_base_bryan_DESKTOP_NG2I0P2text_generation_webuiextensions_gi_37926316.md -> added ['homelab-stack']
2026-05-18 10:19:23,444 [INFO] UPDATED: 2025-07-05_can_you_find_me_a_web_RAG_extension_for_oobabooga_Look_for_a_16204630.md -> added ['homelab-stack']
2026-05-18 10:19:23,456 [INFO] UPDATED: 2025-07-05_can_you_help_me_with_these_steps_to_finish_this_project_off__44212105.md -> added ['homelab-stack']
2026-05-18 10:19:23,471 [INFO] UPDATED: 2025-07-05_cant_i_just_use_oobabooga_and_download_the_model_using_the_d_83761604.md -> added ['homelab-stack']
2026-05-18 10:19:23,485 [INFO] UPDATED: 2025-07-05_do_i_need_that_script_anymore_for_anything_can_we_delete_it_57927371.md -> added ['homelab-stack']
2026-05-18 10:19:23,505 [INFO] UPDATED: 2025-07-05_for_sure_what_about_posting_this_on_github_doable_worth_it_40798503.md -> added ['homelab-stack']
2026-05-18 10:19:23,514 [INFO] UPDATED: 2025-07-05_given_my_goals_with_the_project_were_working_on_would_you_sa_44635269.md -> added ['homelab-stack']
2026-05-18 10:19:23,532 [INFO] UPDATED: 2025-07-05_how_would_i_know_absolutely_that_its_pulling_from_the_docs_w_44379855.md -> added ['homelab-stack']
2026-05-18 10:19:23,542 [INFO] UPDATED: 2025-07-05_i_asked_the_same_question_this_time_with_the_new_model_and_i_80583969.md -> added ['homelab-stack']
2026-05-18 10:19:23,582 [INFO] UPDATED: 2025-07-05_i_dont_want_it_to_generate_any_audio_if_its_going_to_slow_it_44078020.md -> added ['homelab-stack']
2026-05-18 10:19:23,620 [INFO] UPDATED: 2025-07-05_if_i_were_to_go_with_the_absolute_best_model_here_to_resolve_37158693.md -> added ['homelab-stack']
2026-05-18 10:19:23,649 [INFO] UPDATED: 2025-07-05_is_image_generation_worth_adding_here_or_would_you_say_the_p_50289631.md -> added ['homelab-stack']
2026-05-18 10:19:23,669 [INFO] UPDATED: 2025-07-05_is_there_an_extension_for_web_rag_locally_i_just_seen_a_vide_68759260.md -> added ['homelab-stack']
2026-05-18 10:19:23,701 [INFO] UPDATED: 2025-07-05_its_running_off_cuda_so_that_isnt_the_issue_80217947.md -> added ['homelab-stack']
2026-05-18 10:19:23,715 [INFO] UPDATED: 2025-07-05_just_having_tts_no_audio_isnt_really_speeding_the_process_up_46828697.md -> added ['homelab-stack']
2026-05-18 10:19:23,740 [INFO] UPDATED: 2025-07-05_make_this_in_a_tldr_format_and_at_the_end_list_the_major_iss_39472467.md -> added ['homelab-stack']
2026-05-18 10:19:23,754 [INFO] UPDATED: 2025-07-05_nice_whats_next_21782140.md -> added ['homelab-stack']
2026-05-18 10:19:23,774 [INFO] UPDATED: 2025-07-05_no_i_did_that_and_even_with_just_whisper_stt_it_still_is_pre_16996472.md -> added ['homelab-stack']
2026-05-18 10:19:23,787 [INFO] UPDATED: 2025-07-05_no_i_mean_like_the_absolute_best_given_my_specs_these_issues_39628938.md -> added ['homelab-stack']
2026-05-18 10:19:23,797 [INFO] UPDATED: 2025-07-05_okay_lets_go_with_that_29575796.md -> added ['homelab-stack']
2026-05-18 10:19:23,812 [INFO] UPDATED: 2025-07-05_seems_to_be_working_properly_do_i_need_to_boot_up_superbooga_33369050.md -> added ['homelab-stack']
2026-05-18 10:19:23,827 [INFO] UPDATED: 2025-07-05_so_before_we_run_it_and_test_the_RAG_system_can_you_explain__20559653.md -> added ['private-ai-consulting']
2026-05-18 10:19:23,845 [INFO] UPDATED: 2025-07-05_so_do_i_need_both_wsl2_instances_open_at_the_same_time_to_do_54483316.md -> added ['homelab-stack']
2026-05-18 10:19:23,875 [INFO] UPDATED: 2025-07-05_so_how_can_i_have_this_implimented_within_the_webui_side_of__53954403.md -> added ['homelab-stack']
2026-05-18 10:19:23,888 [INFO] UPDATED: 2025-07-05_so_i_asked_chat_gpt_what_extension_i_should_use_and_it_told__61008005.md -> added ['homelab-stack']
2026-05-18 10:19:23,898 [INFO] UPDATED: 2025-07-05_so_i_asked_simply_Walk_me_through_setting_up_a_VPN_and_it_to_63063066.md -> added ['homelab-stack']
2026-05-18 10:19:23,908 [INFO] UPDATED: 2025-07-05_so_i_did_step_2_and_got_base_bryan_DESKTOP_NG2I0P2text_gener_25874607.md -> added ['homelab-stack']
2026-05-18 10:19:23,928 [INFO] UPDATED: 2025-07-05_so_if_i_were_to_want_to_get_back_into_the_webui_and_have_eve_80680880.md -> added ['homelab-stack']
2026-05-18 10:19:23,938 [INFO] UPDATED: 2025-07-05_so_if_its_possible_does_that_defeat_the_point_of_making_what_22766039.md -> added ['second-brain-vault']
2026-05-18 10:19:23,953 [INFO] UPDATED: 2025-07-05_so_if_you_could_write_a_summary_of_what_i_built_and_explain__50733548.md -> added ['homelab-stack']
2026-05-18 10:19:23,965 [INFO] UPDATED: 2025-07-05_so_in_this_instance_coming_from_the_model_im_using_now_what__35599762.md -> added ['homelab-stack']
2026-05-18 10:19:23,981 [INFO] UPDATED: 2025-07-05_so_now_in_order_to_load_into_this_model_from_a_fresh_wsl2_en_76356392.md -> added ['homelab-stack']
2026-05-18 10:19:23,995 [INFO] UPDATED: 2025-07-05_so_now_when_i_go_to_enable_superbooga_and_web_rag_the_settin_82764111.md -> added ['homelab-stack']
2026-05-18 10:19:24,006 [INFO] UPDATED: 2025-07-05_so_overall_would_you_say_that_this_is_a_complete_project_and_77442200.md -> added ['homelab-stack']
2026-05-18 10:19:24,013 [INFO] UPDATED: 2025-07-05_so_superboogav2_is_checked_and_it_prompted_me_to_restart_and_76338312.md -> added ['homelab-stack']
2026-05-18 10:19:24,019 [INFO] UPDATED: 2025-07-05_so_tiny_seems_the_fastest_but_sometimes_it_misunderstands_wh_90603764.md -> added ['homelab-stack']
2026-05-18 10:19:24,033 [INFO] UPDATED: 2025-07-05_so_would_you_say_that_given_the_features_we_added_today_this_19728642.md -> added ['homelab-stack']
2026-05-18 10:19:24,040 [INFO] UPDATED: 2025-07-05_so_you_can_tell_its_working_when_the_terminal_says_adding_ne_49996696.md -> added ['homelab-stack']
2026-05-18 10:19:24,048 [INFO] UPDATED: 2025-07-05_sounds_like_thats_what_ill_focus_on_next_lets_get_it_56276377.md -> added ['homelab-stack']
2026-05-18 10:19:24,071 [INFO] UPDATED: 2025-07-05_there_isnt_anything_happening_like_that_in_the_webui_when_i__38954978.md -> added ['homelab-stack']
2026-05-18 10:19:24,080 [INFO] UPDATED: 2025-07-05_theres_more_to_it_but_on_the_wsl2_environment_where_oobaboog_32452825.md -> added ['homelab-stack']
2026-05-18 10:19:24,101 [INFO] UPDATED: 2025-07-05_this_is_all_i_see_86272807.md -> added ['homelab-stack']
2026-05-18 10:19:24,117 [INFO] UPDATED: 2025-07-05_this_is_all_i_see_under_the_extension_tab_13699656.md -> added ['homelab-stack']
2026-05-18 10:19:24,132 [INFO] UPDATED: 2025-07-05_what_about_web_RAG_Can_that_be_achieved_locally_as_well_47499856.md -> added ['homelab-stack']
2026-05-18 10:19:24,140 [INFO] UPDATED: 2025-07-05_what_did_we_find_59354288.md -> added ['homelab-stack']
2026-05-18 10:19:24,148 [INFO] UPDATED: 2025-07-05_what_features_did_we_add_so_far_in_this_project_41953057.md -> added ['homelab-stack']
2026-05-18 10:19:24,174 [INFO] UPDATED: 2025-07-05_what_would_be_the_optimal_settings_for_the_use_case_here_46133524.md -> added ['homelab-stack']
2026-05-18 10:19:24,191 [INFO] UPDATED: 2025-07-05_when_i_go_to_speak_it_gives_this_in_the_terminal_134301_8882_43514440.md -> added ['homelab-stack']
2026-05-18 10:19:24,210 [INFO] UPDATED: 2025-07-05_would_it_help_if_i_chose_google_instead_of_duckduckgo_it_gav_88734061.md -> added ['homelab-stack']
2026-05-18 10:19:24,230 [INFO] UPDATED: 2025-07-06_I_was_using_superboogav2_for_RAG_in_this_project_and_I_made__70849367.md -> added ['homelab-stack']
2026-05-18 10:19:24,244 [INFO] UPDATED: 2025-07-06_base_bryan_DESKTOP_NG2I0P2_cat_etcresolvconf_This_file_was_a_80356145.md -> added ['homelab-stack']
2026-05-18 10:19:24,251 [INFO] UPDATED: 2025-07-06_base_bryan_DESKTOP_NG2I0P2cachehuggingfacehub_List_contents__83607361.md -> added ['homelab-stack']
2026-05-18 10:19:24,278 [INFO] UPDATED: 2025-07-06_can_you_show_me_how_to_do_step_4_32338820.md -> added ['homelab-stack']
2026-05-18 10:19:24,294 [INFO] UPDATED: 2025-07-06_i_thought_it_was_supposed_to_run_offline_62693402.md -> added ['homelab-stack']
2026-05-18 10:19:24,310 [INFO] UPDATED: 2025-07-06_no_i_was_saying_like_do_i_delete_all_that_or_no_46284759.md -> added ['homelab-stack']
2026-05-18 10:19:24,340 [INFO] UPDATED: 2025-07-06_so_superbooga_needs_internet_each_boot_up_because_it_keeps_h_32303835.md -> added ['homelab-stack']
2026-05-18 10:19:24,357 [INFO] UPDATED: 2025-07-06_this_is_what_is_in_there_when_i_run_step_5_GNU_nano_72_etcre_37546579.md -> added ['homelab-stack']
2026-05-18 10:19:24,380 [INFO] UPDATED: 2025-07-06_when_i_boot_it_up_it_says202527_554379_ERROR_Failed_to_load__56888017.md -> added ['homelab-stack']
2026-05-18 10:19:24,394 [INFO] UPDATED: 2025-07-06_would_you_say_this_accurately_describes_the_project_and_how__22787227.md -> added ['homelab-stack']
2026-05-18 10:19:24,408 [INFO] UPDATED: 2025-07-06_yeah_it_still_needs_internet_to_get_past_Loading_the_extensi_86249430.md -> added ['homelab-stack']
2026-05-18 10:19:24,418 [INFO] UPDATED: 2025-07-07_based_on_that_screenshot_what_is_the_most_gptclaude_like_for_86645089.md -> added ['homelab-stack']
2026-05-18 10:19:24,432 [INFO] UPDATED: 2025-07-07_so_right_now_were_using_Nous_Hermes_2_Mistral_7b_dpoq4_k_mgg_72316782.md -> added ['homelab-stack']
2026-05-18 10:19:24,444 [INFO] UPDATED: 2025-07-07_what_preset_should_i_use_68444050.md -> added ['homelab-stack']
2026-05-18 10:19:24,451 [INFO] UPDATED: 2025-07-08_for_better_context_im_using_phi_3_mini_4k_instruct_q4_and_th_10936811.md -> added ['homelab-stack']
2026-05-18 10:19:24,457 [INFO] UPDATED: 2025-07-08_in_our_project_i_was_testing_a_few_helpdesk_sort_of_question_10425703.md -> added ['homelab-stack']
2026-05-18 10:19:24,470 [INFO] UPDATED: 2025-07-13_Project_Summary_Im_building_an_offline_multi_agent_IT_helpde_12951813.md -> added ['homelab-stack']
2026-05-18 10:19:24,508 [INFO] UPDATED: 2025-07-14_can_i_use_balenaetcher_85845854.md -> added ['homelab-stack']
2026-05-18 10:19:24,514 [INFO] UPDATED: 2025-07-14_from_text_generation_webui_where_can_i_find_what_directory_m_30813916.md -> added ['homelab-stack']
2026-05-18 10:19:24,525 [INFO] UPDATED: 2025-07-14_how_do_i_permanently_delete_reshade_off_my_windows_pc_77184942.md -> added ['homelab-stack']
2026-05-18 10:19:24,537 [INFO] UPDATED: 2025-07-14_how_do_i_uninstall_dolphin_emulator_91514806.md -> added ['homelab-stack']
2026-05-18 10:19:24,586 [INFO] UPDATED: 2025-07-14_what_command_can_i_run_in_wsl2_to_find_where_the_model_is_lo_34081213.md -> added ['homelab-stack']
2026-05-18 10:19:24,629 [INFO] UPDATED: 2025-07-15_i_took_superboogav2_off_because_it_was_interfering_with_ever_90845744.md -> added ['it-certification', 'private-ai-consulting']
2026-05-18 10:19:24,638 [INFO] UPDATED: 2025-07-15_if_i_were_to_overclock_my_gpu_rtx_3070_what_would_i_set_that_51069057.md -> added ['homelab-stack']
2026-05-18 10:19:24,696 [INFO] UPDATED: 2025-07-15_working_on_that_multi_agent_framework_and_im_having_trouble__63279379.md -> added ['homelab-stack', 'private-ai-consulting']
2026-05-18 10:19:24,714 [INFO] UPDATED: 2025-07-17_Cpu_Intel_Core_i7_12700K_Storage_970_Evo_Plus_M2_SSD_2TB_Gpu_32316370.md -> added ['homelab-stack']
2026-05-18 10:19:24,733 [INFO] UPDATED: 2025-07-17_give_me_a_tldr_of_that_please_26224592.md -> added ['homelab-stack']
2026-05-18 10:19:24,771 [INFO] UPDATED: 2025-07-17_on_an_i7_12700k_what_is_the_recommended_clock_speed_for_maxi_68345534.md -> added ['homelab-stack']
2026-05-18 10:19:24,784 [INFO] UPDATED: 2025-07-17_so_been_working_through_this_project_with_cursor_and_ive_got_40140313.md -> added ['homelab-stack']
2026-05-18 10:19:24,806 [INFO] UPDATED: 2025-07-17_this_is_the_full_spec_list_give_me_the_absolute_best_setting_50038482.md -> added ['homelab-stack']
2026-05-18 10:19:24,830 [INFO] UPDATED: 2025-07-17_tried_to_download_the_model_through_oobaboogas_webui_and_got_77913485.md -> added ['homelab-stack']
2026-05-18 10:19:24,854 [INFO] UPDATED: 2025-07-17_working_on_a_multi_agent_framework_that_utilizes_crewai_to_e_47241901.md -> added ['homelab-stack', 'it-certification']
2026-05-18 10:19:24,891 [INFO] UPDATED: 2025-07-19_had_to_install_the_visual_studio_build_tools_for_the_chroma__84114661.md -> added ['homelab-stack']
2026-05-18 10:19:24,920 [INFO] UPDATED: 2025-07-19_i_think_that_covers_the_base_of_what_im_after_but_originally_77868612.md -> added ['homelab-stack']
2026-05-18 10:19:24,940 [INFO] UPDATED: 2025-07-19_lets_get_it_20348142.md -> added ['homelab-stack']
2026-05-18 10:19:24,980 [INFO] UPDATED: 2025-07-19_so_the_new_json_context_profile_should_be_project_name_AI_Po_71678593.md -> added ['homelab-stack']
2026-05-18 10:19:24,990 [INFO] UPDATED: 2025-07-19_so_the_overall_project_plays_on_the_previous_one_i_did_where_26436190.md -> added ['homelab-stack', 'it-certification', 'private-ai-consulting']
2026-05-18 10:19:25,016 [INFO] UPDATED: 2025-07-19_sounds_good_43049390.md -> added ['homelab-stack']
2026-05-18 10:19:25,027 [INFO] UPDATED: 2025-07-19_that_sounds_right_i_dont_want_simulated_commands_though_if_i_54806155.md -> added ['homelab-stack']
2026-05-18 10:19:25,049 [INFO] UPDATED: 2025-07-19_this_all_sounds_good_but_it_doesnt_mention_anything_about_th_34737496.md -> added ['homelab-stack']
2026-05-18 10:19:25,058 [INFO] UPDATED: 2025-07-19_this_is_for_configpy_import_os_from_dotenv_import_load_doten_78979746.md -> added ['homelab-stack']
2026-05-18 10:19:25,067 [INFO] UPDATED: 2025-07-19_this_looks_good_i_also_would_like_to_be_able_to_know_the_sta_16907018.md -> added ['homelab-stack']
2026-05-18 10:19:25,085 [INFO] UPDATED: 2025-07-19_trying_this_again_for_the_3rd_time_but_im_working_on_a_multi_62111288.md -> added ['homelab-stack']
2026-05-18 10:19:25,126 [INFO] UPDATED: 2025-07-25_Booted_up_my_pc_and_this_error_came_up_46262785.md -> added ['homelab-stack']
2026-05-18 10:19:25,149 [INFO] UPDATED: 2025-07-29_And_this_llama_31_8b_is_better_than_codellama_that_I_current_16059867.md -> added ['operation-immortal-agent']
2026-05-18 10:19:25,161 [INFO] UPDATED: 2025-07-29_But_how_good_is_the_scaffolding_ability_of_continue_I_have_b_78234105.md -> added ['homelab-stack']
2026-05-18 10:19:25,176 [INFO] UPDATED: 2025-07-29_Is_that_model_still_the_best_one_to_use_here_or_is_there_a_b_20853806.md -> added ['homelab-stack', 'operation-immortal-agent']
2026-05-18 10:19:25,186 [INFO] UPDATED: 2025-07-29_Now_to_clarify_these_are_my_specs_If_theres_a_different_mode_39434171.md -> added ['homelab-stack']
2026-05-18 10:19:25,197 [INFO] UPDATED: 2025-07-29_Okay_so_over_in_ChatGPT_this_is_what_Im_building_Does_the_mo_40448661.md -> added ['operation-immortal-agent']
2026-05-18 10:19:25,213 [INFO] UPDATED: 2025-07-29_PS_CUsersBryan_taskkill_PID_27296_F_SUCCESS_The_process_with_45096517.md -> added ['homelab-stack']
2026-05-18 10:19:25,246 [INFO] UPDATED: 2025-07-29_am_i_in_the_right_spot_48880084.md -> added ['homelab-stack']
2026-05-18 10:19:32,058 [INFO] UPDATED: 2025-07-29_i_just_ended_task_in_task_manager_for_ollama_and_ran_ollama__40805372.md -> added ['homelab-stack']
2026-05-18 10:19:32,084 [INFO] UPDATED: 2025-07-29_it_still_doesnt_show_my_model_at_all_43707423.md -> added ['homelab-stack']
2026-05-18 10:19:24,884 [INFO] UPDATED: 2025-07-29_ran_the_ollama_run_llama318b_instruct_q4_K_M_command_and_it__27318110.md -> added ['operation-immortal-agent']
2026-05-18 10:19:24,900 [INFO] UPDATED: 2025-07-29_so_i_opened_my_termianl_and_did_the_ollama_serve_command_and_25706510.md -> added ['homelab-stack']
2026-05-18 10:19:24,976 [INFO] UPDATED: 2025-07-29_what_am_i_doing_wrong_bye_PS_CUsersBryan_ollama_serve_Error__69791143.md -> added ['homelab-stack']
2026-05-18 10:19:24,997 [INFO] UPDATED: 2025-07-29_when_i_clicked_setup_chat_model_it_took_me_to_the_how_to_pag_25360877.md -> added ['homelab-stack']
2026-05-18 10:19:25,028 [INFO] UPDATED: 2025-07-30_do_i_then_need_to_physically_install_that_model_in_my_termin_83393818.md -> added ['homelab-stack']
2026-05-18 10:19:25,037 [INFO] UPDATED: 2025-07-30_for_clarification_im_coding_the_community_outreach_project_i_81569841.md -> added ['homelab-stack']
2026-05-18 10:19:25,045 [INFO] UPDATED: 2025-07-30_for_context_here_are_my_specs_Cpu_Intel_Core_i7_12700K_Mothe_61068712.md -> added ['homelab-stack']
2026-05-18 10:19:25,062 [INFO] UPDATED: 2025-07-30_i_dont_want_examples_i_want_concrete_rules_i_need_to_add_to__84361289.md -> added ['homelab-stack']
2026-05-18 10:19:25,087 [INFO] UPDATED: 2025-07-30_okay_so_everything_seems_to_be_working_but_when_i_asked_abou_61559553.md -> added ['homelab-stack']
2026-05-18 10:19:25,099 [INFO] UPDATED: 2025-07-30_okay_that_makes_more_sense_from_the_beginning_then_what_rule_80493734.md -> added ['homelab-stack']
2026-05-18 10:19:25,121 [INFO] UPDATED: 2025-07-30_to_clarify_this_is_all_that_is_in_my_configyaml_45273787.md -> added ['homelab-stack']
2026-05-18 10:19:25,169 [INFO] UPDATED: 2025-08-08_I_should_clarify_my_main_goal_for_the_Mac_mini_is_to_basical_51533559.md -> added ['homelab-stack', 'private-ai-consulting']
2026-05-18 10:19:25,186 [INFO] UPDATED: 2025-08-08_Im_specifically_looking_for_a_Mac_mini_product_if_possible_h_74071153.md -> added ['homelab-stack']
2026-05-18 10:19:25,239 [INFO] UPDATED: 2025-09-01_I_have_a_list_of_AI_tools_categorized_into_Core_Advanced_and_37333397.md -> added ['homelab-stack', 'streaming-rig']
2026-05-18 10:19:25,279 [INFO] UPDATED: 2025-09-01_can_you_give_me_these_all_in_a_tldr_way_78710524.md -> added ['homelab-stack']
2026-05-18 10:19:25,322 [INFO] UPDATED: 2025-09-07_Cpu_Intel_Core_i7_12700K_Motherboard_Asus_Prime_Z790_P_Cpu_c_60358501.md -> added ['homelab-stack', 'streaming-rig']
2026-05-18 10:19:25,357 [INFO] UPDATED: 2025-09-07_How_do_I_set_up_Aitum_Multistream_64494672.md -> added ['homelab-stack', 'streaming-rig']
2026-05-18 10:19:25,421 [INFO] UPDATED: 2025-09-07_PS_CUsersBryanDesktopPhython_Projectsblender_ai_agent_py_311_59475174.md -> added ['private-ai-consulting']
2026-05-18 10:19:25,514 [INFO] UPDATED: 2025-09-07_given_my_current_specs_can_i_stably_stream_on_tiktok_AND_twi_55358638.md -> added ['homelab-stack', 'streaming-rig']
2026-05-18 10:19:25,537 [INFO] UPDATED: 2025-09-07_hwo_do_i_set_the_restreamio_thing_up_24980663.md -> added ['homelab-stack', 'streaming-rig']
2026-05-18 10:19:25,553 [INFO] UPDATED: 2025-09-07_i_cant_find_my_tiktok_stream_keys_70986644.md -> added ['streaming-rig']
2026-05-18 10:19:25,563 [INFO] UPDATED: 2025-09-07_i_hear_restream_is_pretty_buggy_62671774.md -> added ['streaming-rig']
2026-05-18 10:19:25,584 [INFO] UPDATED: 2025-09-07_im_not_looking_for_code_really_im_just_looking_for_next_step_33874071.md -> added ['homelab-stack']
2026-05-18 10:19:25,591 [INFO] UPDATED: 2025-09-07_im_trying_to_download_it_manually_on_my_pc_46417772.md -> added ['homelab-stack']
2026-05-18 10:19:25,617 [INFO] UPDATED: 2025-09-07_next_tool_same_idea_Skybox_AI_API_for_the_Environment_Agent__29470812.md -> added ['private-ai-consulting']
2026-05-18 10:19:25,640 [INFO] Progress: 1000/3401 files processed...
2026-05-18 10:19:25,713 [INFO] UPDATED: 2025-09-07_restream_isnt_free_14589623.md -> added ['streaming-rig']
2026-05-18 10:19:25,764 [INFO] UPDATED: 2025-09-07_so_youre_saying_i_could_multi_stream_with_the_current_specs_78201887.md -> added ['homelab-stack', 'streaming-rig']
2026-05-18 10:19:25,797 [INFO] UPDATED: 2025-09-07_what_about_aitum_24742913.md -> added ['homelab-stack', 'streaming-rig']
2026-05-18 10:19:25,807 [INFO] UPDATED: 2025-09-07_what_other_tools_87242450.md -> added ['private-ai-consulting']
2026-05-18 10:19:25,920 [INFO] UPDATED: 2025-09-08_No_Im_referring_to_oxfun_and_the_rebrand_they_did_20276309.md -> added ['operation-immortal-agent']
2026-05-18 10:19:25,948 [INFO] UPDATED: 2025-09-08_Physically_move_rotate_the_goggles_so_that_the_lenses_are_on_90155414.md -> added ['homelab-stack']
2026-05-18 10:19:25,962 [INFO] UPDATED: 2025-09-08_Uh_if_Im_just_trying_to_make_these_like_really_quick_can_I_g_70195682.md -> added ['homelab-stack']
2026-05-18 10:19:25,974 [INFO] UPDATED: 2025-09-08_Uh_what_is_the_the_typical_cook_time_for_ribs_10707981.md -> added ['homelab-stack']
2026-05-18 10:19:25,999 [INFO] UPDATED: 2025-09-08_What_temp_should_the_ribs_be_done_at_Like_internal_temp_47804001.md -> added ['homelab-stack']
2026-05-18 10:19:26,016 [INFO] UPDATED: 2025-09-09_Okay_can_you_make_the_ash_disappear_on_the_top_of_his_head_T_68141439.md -> added ['homelab-stack']
2026-05-18 10:19:26,080 [INFO] UPDATED: 2025-09-23_For_my_given_project_I_feel_like_vllm_is_too_complicated_to__27060164.md -> added ['homelab-stack']
2026-05-18 10:19:26,094 [INFO] UPDATED: 2025-09-23_So_what_is_the_alternative_Again_I_dont_want_to_pay_for_a_su_79005991.md -> added ['homelab-stack']
2026-05-18 10:19:26,116 [INFO] UPDATED: 2025-09-23_are_there_any_other_free_alternatives_worth_looking_at_51970815.md -> added ['homelab-stack']
2026-05-18 10:19:26,126 [INFO] UPDATED: 2025-09-23_can_you_help_me_find_the_mistral_7b_4bit_version_that_fits_w_75480234.md -> added ['homelab-stack']
2026-05-18 10:19:26,148 [INFO] UPDATED: 2025-09-23_how_do_i_set_up_vLLM_in_wsl2_for_the_project_im_working_on_26393085.md -> added ['homelab-stack']
2026-05-18 10:19:26,166 [INFO] UPDATED: 2025-09-23_how_does_windurfs_free_tier_work_specifically_how_does_the_w_79899822.md -> added ['homelab-stack']
2026-05-18 10:19:26,174 [INFO] UPDATED: 2025-09-23_i_need_the_details_we_discussed_as_well_i_need_a_summary_of__63200934.md -> added ['homelab-stack']
2026-05-18 10:19:26,181 [INFO] UPDATED: 2025-09-23_i_need_to_back_up_some_and_make_sure_you_understand_the_proj_76266548.md -> added ['homelab-stack']
2026-05-18 10:19:26,190 [INFO] UPDATED: 2025-09-23_i_need_to_clairfy_the_goal_here_is_for_the_system_to_process_41059728.md -> added ['homelab-stack']
2026-05-18 10:19:26,211 [INFO] UPDATED: 2025-09-23_im_saying_that_im_using_windsurf_to_code_this_out_i_need_to__51445189.md -> added ['homelab-stack']
2026-05-18 10:19:26,225 [INFO] UPDATED: 2025-09-23_is_that_the_optimal_model_for_the_project_at_hand_remember_t_29712612.md -> added ['homelab-stack']
2026-05-18 10:19:26,245 [INFO] UPDATED: 2025-09-23_no_i_literally_ran_the_pip_install_vllm_command_in_the_winds_30701551.md -> added ['homelab-stack']
2026-05-18 10:19:26,278 [INFO] UPDATED: 2025-09-23_okay_i_gave_windsurf_my_json_profile_and_it_gave_this_summar_15769970.md -> added ['homelab-stack']
2026-05-18 10:19:26,301 [INFO] UPDATED: 2025-09-23_okay_now_that_we_have_all_the_details_can_you_give_me_a_summ_63281056.md -> added ['homelab-stack']
2026-05-18 10:19:26,311 [INFO] UPDATED: 2025-09-23_okay_so_from_pip_install_vllm_what_do_i_do_from_there_20889631.md -> added ['homelab-stack']
2026-05-18 10:19:26,323 [INFO] UPDATED: 2025-09-23_okay_so_how_do_i_set_this_up_after_i_ran_the_pip_install_vLL_65908961.md -> added ['homelab-stack']
2026-05-18 10:19:26,342 [INFO] UPDATED: 2025-09-23_okay_so_im_working_on_a_project_that_i_believe_could_prove_v_88516556.md -> added ['homelab-stack']
2026-05-18 10:19:26,351 [INFO] UPDATED: 2025-09-23_okay_so_now_that_we_found_the_model_how_do_i_get_that_set_up_90984841.md -> added ['homelab-stack']
2026-05-18 10:19:26,370 [INFO] UPDATED: 2025-09-23_okay_so_this_is_the_json_context_profile_claude_gave_me_woul_61132644.md -> added ['homelab-stack']
2026-05-18 10:19:26,389 [INFO] UPDATED: 2025-09-23_okay_starting_from_the_top_im_working_on_a_project_that_i_be_34039101.md -> added ['homelab-stack', 'private-ai-consulting']
2026-05-18 10:19:26,410 [INFO] UPDATED: 2025-09-23_perfect_so_we_have_that_all_locked_in_now_so_far_we_have_a_c_85293428.md -> added ['homelab-stack']
2026-05-18 10:19:26,427 [INFO] UPDATED: 2025-09-23_so_how_do_i_get_the_model_and_how_do_i_get_it_plugged_in_to__97978117.md -> added ['homelab-stack']
2026-05-18 10:19:26,435 [INFO] UPDATED: 2025-09-23_so_how_do_i_uninstall_what_i_did_in_windsurf_49839413.md -> added ['homelab-stack']
2026-05-18 10:19:26,447 [INFO] UPDATED: 2025-09-23_so_how_does_this_fit_into_the_core_function_of_this_project__39370930.md -> added ['homelab-stack']
2026-05-18 10:19:26,460 [INFO] UPDATED: 2025-09-23_so_im_using_slack_for_all_of_this_because_A_its_easy_to_use__77647551.md -> added ['homelab-stack']
2026-05-18 10:19:26,477 [INFO] UPDATED: 2025-09-23_so_in_simple_terms_how_does_it_work_do_i_need_to_run_that_te_83658818.md -> added ['homelab-stack']
2026-05-18 10:19:26,501 [INFO] UPDATED: 2025-09-23_so_so_far_these_are_my_packages_i_have_installed_in_windsurf_63427275.md -> added ['homelab-stack']
2026-05-18 10:19:26,531 [INFO] UPDATED: 2025-09-23_you_told_me_that_vllm_can_be_installed_through_the_terminal__61119614.md -> added ['homelab-stack']
2026-05-18 10:19:26,554 [INFO] UPDATED: 2025-09-23_youre_misunderstanding_what_im_saying_when_it_comes_to_setup_52432695.md -> added ['homelab-stack']
2026-05-18 10:19:26,589 [INFO] UPDATED: 2025-09-25_how_do_i_delete_a_stubborn_obs_scene_that_wont_delete_when_i_26608645.md -> added ['streaming-rig']
2026-05-18 10:19:26,596 [INFO] UPDATED: 2025-09-25_i_also_want_to_add_that_it_crashes_a_lot_now_currently_on_ve_19844185.md -> added ['homelab-stack', 'streaming-rig']
2026-05-18 10:19:26,602 [INFO] UPDATED: 2025-09-25_if_i_back_up_my_obs_scenes_will_the_layout_and_everything_be_28187808.md -> added ['streaming-rig']
2026-05-18 10:19:26,628 [INFO] UPDATED: 2025-09-25_if_i_do_see_one_i_cant_click_on_it_or_do_anything_with_it_is_10354347.md -> added ['streaming-rig']
2026-05-18 10:19:26,636 [INFO] UPDATED: 2025-09-25_im_currently_using_aitum_for_multistreaming_as_well_71963671.md -> added ['streaming-rig']
2026-05-18 10:19:26,647 [INFO] UPDATED: 2025-09-25_is_it_a_huge_deal_23846650.md -> added ['streaming-rig']
2026-05-18 10:19:26,662 [INFO] UPDATED: 2025-09-25_is_it_normal_for_a_scene_to_be_created_if_i_make_a_group_in__29273668.md -> added ['streaming-rig']
2026-05-18 10:19:26,670 [INFO] UPDATED: 2025-09-25_what_are_the_best_tiktok_encoder_settings_when_trying_to_set_82915194.md -> added ['homelab-stack', 'streaming-rig']
2026-05-18 10:19:26,694 [INFO] UPDATED: 2025-10-02_Whats_the_difference_between_open_web_ui_and_oobabooga_when__93738936.md -> added ['homelab-stack']
2026-05-18 10:19:26,705 [INFO] UPDATED: 2025-10-03_Coinbase_wallet_doesnt_support_solana_based_memecoins_but_tr_23573030.md -> added ['operation-immortal-agent']
2026-05-18 10:19:26,715 [INFO] UPDATED: 2025-10-03_So_shes_able_to_buy_through_Coinbase_and_then_she_should_sen_71522836.md -> added ['operation-immortal-agent']
2026-05-18 10:19:26,729 [INFO] UPDATED: 2025-10-12_can_you_link_me_to_a_place_that_has_this_widget_44348238.md -> added ['streaming-rig']
2026-05-18 10:19:26,743 [INFO] UPDATED: 2025-10-12_can_you_walk_me_through_how_to_set_up_a_death_counter_via_ti_39497930.md -> added ['streaming-rig']
2026-05-18 10:19:26,764 [INFO] UPDATED: 2025-10-12_for_clarity_im_using_tikfinity_for_my_overlays_in_tiktok_stu_47376376.md -> added ['streaming-rig']
2026-05-18 10:19:26,772 [INFO] UPDATED: 2025-10-12_how_can_i_make_a_keybind_to_press_for_my_death_counter_rathe_56882109.md -> added ['homelab-stack', 'streaming-rig']
2026-05-18 10:19:26,788 [INFO] UPDATED: 2025-10-12_i_want_to_have_my_main_gameplay_and_then_behind_it_i_want_th_34126383.md -> added ['streaming-rig']
2026-05-18 10:19:26,798 [INFO] UPDATED: 2025-10-12_i_was_having_trouble_with_the_virtual_camera_which_is_why_im_85197726.md -> added ['streaming-rig']
2026-05-18 10:19:26,805 [INFO] UPDATED: 2025-10-12_is_there_a_way_to_have_a_blurred_background_in_tiktok_studio_43727758.md -> added ['streaming-rig']
2026-05-18 10:19:26,815 [INFO] UPDATED: 2025-10-12_is_there_an_easier_way_to_add_a_death_counter_just_through_t_76890610.md -> added ['streaming-rig']
2026-05-18 10:19:26,825 [INFO] UPDATED: 2025-10-12_so_what_do_i_need_to_do_so_this_works_as_intended_42008354.md -> added ['streaming-rig']
2026-05-18 10:19:26,834 [INFO] UPDATED: 2025-10-12_specifically_i_want_the_gameplay_duplicated_so_i_can_have_th_23597547.md -> added ['homelab-stack', 'streaming-rig']
2026-05-18 10:19:26,843 [INFO] UPDATED: 2025-10-12_streamelements_doesnt_connect_to_tiktok_studio_65258898.md -> added ['streaming-rig']
2026-05-18 10:19:26,851 [INFO] UPDATED: 2025-10-12_this_is_all_i_see_54974383.md -> added ['streaming-rig']
2026-05-18 10:19:26,860 [INFO] UPDATED: 2025-10-12_this_is_what_im_looking_at_right_now_61563093.md -> added ['streaming-rig']
2026-05-18 10:19:26,868 [INFO] UPDATED: 2025-10-12_tiktok_studio_doesnt_let_you_read_from_txt_files_18943566.md -> added ['streaming-rig']
2026-05-18 10:19:26,878 [INFO] UPDATED: 2025-10-12_trying_to_add_a_death_counter_for_a_dark_souls_stream_via_ti_65611967.md -> added ['streaming-rig']
2026-05-18 10:19:26,886 [INFO] UPDATED: 2025-10-12_trying_to_use_obs_as_a_virtual_camera_for_streaming_via_tikt_28282790.md -> added ['homelab-stack', 'streaming-rig']
2026-05-18 10:19:26,895 [INFO] UPDATED: 2025-10-12_what_all_needs_changed_im_confused_on_the_Set_Goal_Start_ste_17597480.md -> added ['streaming-rig']
2026-05-18 10:19:26,902 [INFO] UPDATED: 2025-10-12_what_is_the_easiest_way_to_do_this_25656942.md -> added ['streaming-rig']
2026-05-18 10:19:26,911 [INFO] UPDATED: 2025-10-13_how_do_i_make_a_hot_key_in_tikfinity_that_allows_me_to_incre_10466068.md -> added ['streaming-rig']
2026-05-18 10:19:26,990 [INFO] UPDATED: 2025-10-17_Uh_I_just_got_it_but_Im_not_sure_if_its_okay_to_like_continu_25598938.md -> added ['homelab-stack']
2026-05-18 10:19:27,038 [INFO] UPDATED: 2025-10-21_yo_looking_to_update_my_bios_since_i_havent_in_a_while_and_i_58216120.md -> added ['homelab-stack']
2026-05-18 10:19:27,054 [INFO] UPDATED: 2025-10-23_Cooking_up_a_business_idea_that_I_think_could_work_but_I_nee_11926046.md -> added ['homelab-stack', 'private-ai-consulting']
2026-05-18 10:19:27,073 [INFO] UPDATED: 2025-10-23_Im_going_to_give_you_bullet_points_of_responses_he_gave_Run__17910699.md -> added ['private-ai-consulting', 'streaming-rig']
2026-05-18 10:19:27,083 [INFO] UPDATED: 2025-10-23_Optimize_plan_based_on_a_90_day_plan_using_agile_project_man_13706009.md -> added ['private-ai-consulting']
2026-05-18 10:19:27,091 [INFO] UPDATED: 2025-10-23_Theres_no_lights_It_was_working_like_right_before_I_took_it__73476988.md -> added ['homelab-stack']
2026-05-18 10:19:27,100 [INFO] UPDATED: 2025-10-23_Yo_so_I_was_cleaning_my_PC_updating_BIOS_and_all_that_and_no_42857872.md -> added ['homelab-stack']
2026-05-18 10:19:27,119 [INFO] UPDATED: 2025-10-24_can_you_give_me_some_names_for_the_business_idea_we_just_tal_80256580.md -> added ['private-ai-consulting']
2026-05-18 10:19:27,128 [INFO] UPDATED: 2025-10-24_i_like_the_brain_specifically_in_this_design_but_it_doesnt_h_76201515.md -> added ['homelab-stack']
2026-05-18 10:19:27,142 [INFO] UPDATED: 2025-10-24_okay_keeping_these_goals_in_mind_how_would_you_describe_what_43476952.md -> added ['private-ai-consulting', 'streaming-rig']
2026-05-18 10:19:27,154 [INFO] UPDATED: 2025-10-24_so_i_talked_to_my_cousin_about_this_and_he_said_fast_fix_sol_19704403.md -> added ['private-ai-consulting']
2026-05-18 10:19:27,166 [INFO] UPDATED: 2025-10-25_i_guess_for_me_i_dont_like_quick_fix_solutions_because_it_so_38978054.md -> added ['homelab-stack', 'private-ai-consulting']
2026-05-18 10:19:27,177 [INFO] UPDATED: 2025-10-25_its_mostly_to_do_with_computer_repair_but_also_things_like_c_11027959.md -> added ['homelab-stack', 'private-ai-consulting']
2026-05-18 10:19:27,187 [INFO] UPDATED: 2025-10-25_so_when_i_was_talking_to_my_cousin_about_the_name_for_the_bu_17053078.md -> added ['homelab-stack', 'private-ai-consulting']
2026-05-18 10:19:27,205 [INFO] UPDATED: 2025-10-26_i_dont_really_like_any_of_these_81820309.md -> added ['homelab-stack', 'private-ai-consulting']
2026-05-18 10:19:27,215 [INFO] UPDATED: 2025-10-26_i_dont_really_like_any_of_those_honestly_19670581.md -> added ['homelab-stack']
2026-05-18 10:19:27,227 [INFO] UPDATED: 2025-10-26_i_dont_really_like_these_41733658.md -> added ['homelab-stack']
2026-05-18 10:19:27,239 [INFO] UPDATED: 2025-10-26_i_really_like_this_name_Uplink_Solutions_but_im_not_sure_abo_54129132.md -> added ['homelab-stack']
2026-05-18 10:19:27,247 [INFO] UPDATED: 2025-10-26_lets_back_up_on_the_business_name_real_quick_like_i_said_qui_50588274.md -> added ['homelab-stack', 'private-ai-consulting']
2026-05-18 10:19:27,257 [INFO] UPDATED: 2025-10-26_lets_work_through_this_quick_fix_solutions_name_idea_for_my__72290278.md -> added ['private-ai-consulting']
2026-05-18 10:19:27,271 [INFO] UPDATED: 2025-10-26_no_22394159.md -> added ['homelab-stack']
2026-05-18 10:19:27,284 [INFO] UPDATED: 2025-10-31_Design_a_logo_for_PCHP_Solutionsa_tech_business_specializing_92166454.md -> added ['private-ai-consulting']
2026-05-18 10:19:27,301 [INFO] UPDATED: 2025-10-31_Im_not_really_concerned_w_what_the_acronym_stands_for_i_was__22451093.md -> added ['homelab-stack']
2026-05-18 10:19:27,347 [INFO] UPDATED: 2025-10-31_can_you_actually_give_me_a_logo_so_i_can_see_what_the_brand__53080224.md -> added ['homelab-stack']
2026-05-18 10:19:27,375 [INFO] UPDATED: 2025-10-31_well_to_give_a_little_more_context_the_overall_idea_is_to_be_75732232.md -> added ['homelab-stack']
2026-05-18 10:19:27,388 [INFO] UPDATED: 2025-10-31_yo_so_working_through_the_business_idea_we_talked_about_and__56611136.md -> added ['private-ai-consulting']
2026-05-18 10:19:27,398 [INFO] UPDATED: 2025-11-06_based_on_what_you_know_about_me_and_my_strengths_provide_me__77352490.md -> added ['private-ai-consulting']
2026-05-18 10:19:27,413 [INFO] UPDATED: 2025-11-06_okay_now_keep_in_mind_the_person_implementing_this_plan_has__51597419.md -> added ['homelab-stack']
2026-05-18 10:19:27,429 [INFO] UPDATED: 2025-11-06_revamp_based_on_current_need_ease_of_conversion_and_current__59570188.md -> added ['private-ai-consulting']
2026-05-18 10:19:27,436 [INFO] UPDATED: 2025-11-13_refine_my_business_name_ideas_to_a_list_of_20_that_emphasize_16201433.md -> added ['homelab-stack', 'private-ai-consulting']
2026-05-18 10:19:27,446 [INFO] UPDATED: 2025-11-14_Im_just_going_to_Im_just_going_to_explain_it_to_you_Basicall_84703043.md -> added ['homelab-stack', 'private-ai-consulting']
2026-05-18 10:19:27,460 [INFO] UPDATED: 2025-11-14_So_the_idea_was_um_so_its_named_think_diff_right_Cuz_like_my_30968210.md -> added ['homelab-stack']
2026-05-18 10:19:27,473 [INFO] UPDATED: 2025-11-14_Um_well_eventually_like_it_would_be_a_way_that_people_could__56821060.md -> added ['homelab-stack']
2026-05-18 10:19:27,480 [INFO] UPDATED: 2025-11-14_Well_so_my_idea_was_to_tie_it_all_together_cuz_I_was_talking_35375440.md -> added ['homelab-stack', 'private-ai-consulting']
2026-05-18 10:19:27,568 [INFO] UPDATED: 2025-11-17_i_want_to_also_let_you_know_that_im_using_cursor_20_for_this_28804415.md -> added ['homelab-stack']
2026-05-18 10:19:27,574 [INFO] UPDATED: 2025-11-17_is_qwen25_coder14b_instruct_q4_K_M_good_for_ai_coding_lookin_53719676.md -> added ['homelab-stack']
2026-05-18 10:19:27,586 [INFO] UPDATED: 2025-11-17_looking_for_an_open_source_model_to_use_for_coding_within_cu_32444733.md -> added ['homelab-stack']
2026-05-18 10:19:27,594 [INFO] UPDATED: 2025-11-17_ran_these_commands_and_ollama_wont_serve_Windows_PowerShell__90393258.md -> added ['homelab-stack']
2026-05-18 10:19:27,606 [INFO] UPDATED: 2025-11-17_so_to_narrow_it_down_to_the_ONE_model_i_should_be_using_give_62214145.md -> added ['homelab-stack']
2026-05-18 10:19:27,612 [INFO] UPDATED: 2025-11-17_why_did_this_happen_PS_CUsersBryan_pkill_ollama_pkill_The_te_45013870.md -> added ['homelab-stack']
2026-05-18 10:19:27,626 [INFO] UPDATED: 2025-11-18_All_right_Is_this_normal_for_steak_to_look_like_this_This_do_75713987.md -> added ['homelab-stack']
2026-05-18 10:19:27,648 [INFO] UPDATED: 2025-11-18_Does_cursor_20_not_allow_custom_models_to_be_used_Specifical_49282363.md -> added ['homelab-stack']
2026-05-18 10:19:27,726 [INFO] UPDATED: 2025-11-20_When_it_comes_to_use_different_vibe_coding_tools_two_that_st_82869988.md -> added ['private-ai-consulting']
2026-05-18 10:19:27,745 [INFO] UPDATED: 2025-11-20_theres_also_these_options_as_well_that_im_interested_in_can__43355986.md -> added ['homelab-stack']
2026-05-18 10:19:27,770 [INFO] UPDATED: 2025-11-22_Given_my_pc_specs_give_me_a_gpu_that_I_should_upgrade_to_tha_43227202.md -> added ['homelab-stack']
2026-05-18 10:19:27,783 [INFO] UPDATED: 2025-11-22_What_about_a_budget_option_with_those_restrictions_in_mind_s_38244974.md -> added ['homelab-stack']
2026-05-18 10:19:27,792 [INFO] UPDATED: 2025-11-23_From_now_on_stop_being_agreeable_and_act_as_my_brutally_hone_44026412.md -> added ['homelab-stack']
2026-05-18 10:19:27,869 [INFO] UPDATED: 2025-12-04_Im_looking_for_an_uncensored_open_source_llm_model_that_work_55991368.md -> added ['homelab-stack']
2026-05-18 10:19:27,877 [INFO] UPDATED: 2025-12-04_What_about_for_coding_given_those_specs_Give_me_the_most_opt_65981020.md -> added ['homelab-stack']
2026-05-18 10:19:27,908 [INFO] UPDATED: 2025-12-06_Given_my_pc_specs_give_me_a_open_source_model_that_I_can_run_32836207.md -> added ['homelab-stack']
2026-05-18 10:19:27,933 [INFO] UPDATED: 2025-12-06_is_there_a_front_end_that_allows_for_that_feature_natively_t_64728012.md -> added ['homelab-stack']
2026-05-18 10:19:27,942 [INFO] UPDATED: 2025-12-06_trying_to_add_serper_search_to_my_lmstudio_as_a_mcp_and_i_go_52757386.md -> added ['homelab-stack']
2026-05-18 10:19:27,961 [INFO] UPDATED: 2025-12-07_PS_CWINDOWSsystem32_wsl_list_verbose_NAME_STATE_VERSION_Ubun_89560328.md -> added ['homelab-stack']
2026-05-18 10:19:27,976 [INFO] UPDATED: 2025-12-07_how_do_i_fully_make_sure_ubuntuwsl_is_deleted_from_my_comput_20001274.md -> added ['homelab-stack']
2026-05-18 10:19:27,989 [INFO] UPDATED: 2025-12-07_so_now_to_get_a_fresh_instance_of_wslubuntu_what_do_i_need_t_36042477.md -> added ['homelab-stack']
2026-05-18 10:19:27,999 [INFO] UPDATED: 2025-12-07_what_front_end_can_i_use_for_open_source_llm_that_allows_for_24573779.md -> added ['homelab-stack']
2026-05-18 10:19:28,033 [INFO] UPDATED: 2025-12-08_working_on_a_dank_memes_flappy_bird_game_in_windsurf_right_n_65611446.md -> added ['flappy-meme-bird']
2026-05-18 10:19:28,040 [INFO] UPDATED: 2025-12-09_Created_Gemini_Canvas_titled_Unity_Mobile_Game_Tutorial_How__19264493.md -> added ['flappy-meme-bird']
2026-05-18 10:19:28,052 [INFO] UPDATED: 2025-12-09_give_me_a_prompt_for_me_to_use_in_windsurf_to_do_this_40734307.md -> added ['flappy-meme-bird']
2026-05-18 10:19:28,067 [INFO] UPDATED: 2025-12-09_how_do_i_100_get_rid_of_ollama_on_windows_11_so_i_can_have_a_48519046.md -> added ['homelab-stack']
2026-05-18 10:19:28,077 [INFO] UPDATED: 2025-12-09_i_dont_want_it_to_change_anything_about_the_way_the_game_loo_77632887.md -> added ['flappy-meme-bird']
2026-05-18 10:19:28,095 [INFO] UPDATED: 2025-12-09_no_i_need_to_instruct_it_to_do_the_code_for_this_specific_fe_84403927.md -> added ['flappy-meme-bird']
2026-05-18 10:19:28,119 [INFO] UPDATED: 2025-12-09_so_in_short_how_can_i_figure_this_out_85310836.md -> added ['flappy-meme-bird']
2026-05-18 10:19:28,131 [INFO] UPDATED: 2025-12-09_so_with_this_in_mind_give_me_a_prompt_that_allows_me_to_conv_25382841.md -> added ['flappy-meme-bird']
2026-05-18 10:19:28,149 [INFO] UPDATED: 2025-12-09_what_is_the_core_logic_for_flappy_bird_specifically_the_grav_39714103.md -> added ['flappy-meme-bird', 'homelab-stack']
2026-05-18 10:19:28,171 [INFO] UPDATED: 2025-12-10_Created_Gemini_Canvas_titled_Windsurf_Can_I_Prompt_a_Flappy__60953700.md -> added ['flappy-meme-bird']
2026-05-18 10:19:28,182 [INFO] UPDATED: 2025-12-10_how_do_i_test_my_flappy_bird_game_in_windsurf_as_if_it_were__87899116.md -> added ['flappy-meme-bird']
2026-05-18 10:19:28,204 [INFO] UPDATED: 2025-12-10_so_when_i_try_to_check_if_ollama_is_still_installed_i_got_th_27604105.md -> added ['homelab-stack']
2026-05-18 10:19:28,219 [INFO] UPDATED: 2025-12-11_S_CUsersBryanDesktopPhython_Projectsdank_flappy_bird_git_reb_65034552.md -> added ['flappy-meme-bird']
2026-05-18 10:19:28,233 [INFO] UPDATED: 2025-12-11_how_do_i_delete_one_of_these_commits_specifically_91518667.md -> added ['homelab-stack']
2026-05-18 10:19:28,257 [INFO] UPDATED: 2025-12-11_im_simply_using_git_locally_for_a_solo_project_all_i_want_to_64791713.md -> added ['homelab-stack']
2026-05-18 10:19:28,291 [INFO] UPDATED: 2025-12-11_specifically_i_want_to_delete_the_pipe_changes_one_here_c45c_72196137.md -> added ['flappy-meme-bird', 'homelab-stack']
2026-05-18 10:19:28,309 [INFO] UPDATED: 2025-12-27_Can_you_technically_rice_pop_os_with_a_gnome_front_end_and_d_41620780.md -> added ['homelab-stack']
2026-05-18 10:19:28,317 [INFO] UPDATED: 2025-12-27_I_have_a_3070_card_72218048.md -> added ['homelab-stack']
2026-05-18 10:19:28,327 [INFO] UPDATED: 2025-12-27_What_is_the_best_Linux_distro_that_works_with_nvidia_drivers_19397133.md -> added ['homelab-stack']
2026-05-18 10:19:28,338 [INFO] UPDATED: 2025-12-28_Does_fedora_linux_support_nvidia_drivers_84155377.md -> added ['homelab-stack']
2026-05-18 10:19:28,347 [INFO] UPDATED: 2025-12-28_What_are_the_list_of_the_top_5_distros_w_nvidia_drivers_out__49420763.md -> added ['homelab-stack']
2026-05-18 10:19:28,359 [INFO] UPDATED: 2025-12-30_Here_are_my_specs_What_Linux_distros_do_you_recommend_for_be_19886586.md -> added ['homelab-stack']
2026-05-18 10:19:28,372 [INFO] UPDATED: 2025-12-30_I_want_to_also_add_I_really_enjoy_the_gnome_setup_mainly_bec_76999129.md -> added ['homelab-stack']
2026-05-18 10:19:28,380 [INFO] UPDATED: 2025-12-30_Im_not_opposed_to_a_kde_desktop_environment_89763425.md -> added ['homelab-stack']
2026-05-18 10:19:28,390 [INFO] UPDATED: 2025-12-30_What_about_fedora_31957994.md -> added ['homelab-stack']
2026-05-18 10:19:28,401 [INFO] UPDATED: 2025-12-30_Who_I_be_able_to_use_cachyos_with_a_rtx3070_56375003.md -> added ['homelab-stack']
2026-05-18 10:19:28,414 [INFO] UPDATED: 2026-01-01_I_want_to_know_about_vitamin_browser_specifically_80876684.md -> added ['homelab-stack']
2026-05-18 10:19:28,438 [INFO] UPDATED: 2026-01-08_Are_you_saying_that_its_not_possible_to_do_any_like_theres_n_46300965.md -> added ['homelab-stack']
2026-05-18 10:19:28,446 [INFO] UPDATED: 2026-01-08_Created_Gemini_Canvas_titled_How_To_Separate_Audio_Tracks_in_34815570.md -> added ['streaming-rig']
2026-05-18 10:19:28,457 [INFO] UPDATED: 2026-01-08_Created_Gemini_Canvas_titled_How_to_Install_Linux_Mint_Along_80074736.md -> added ['homelab-stack']
2026-05-18 10:19:28,466 [INFO] UPDATED: 2026-01-08_Does_that_mean_that_I_cant_flash_cuz_it_wont_let_me_flash_Li_16817259.md -> added ['homelab-stack']
2026-05-18 10:19:28,473 [INFO] UPDATED: 2026-01-08_I_was_just_curious_why_it_didnt_pick_it_up_in_my_BIOS_if_it__88850209.md -> added ['homelab-stack']
2026-05-18 10:19:28,490 [INFO] UPDATED: 2026-01-08_So_how_do_I_get_past_that_So_that_way_it_does_pick_up_the_th_53629686.md -> added ['homelab-stack']
2026-05-18 10:19:28,509 [INFO] UPDATED: 2026-01-08_You_know_peep_this_laptop_Like_it_says_in_the_BIOS_that_ther_77414855.md -> added ['homelab-stack']
2026-05-18 10:19:28,530 [INFO] UPDATED: 2026-01-08_how_do_i_make_a_bootable_drive_to_change_my_laptop_to_linux__14877853.md -> added ['homelab-stack']
2026-05-18 10:19:28,539 [INFO] UPDATED: 2026-01-08_how_do_i_separate_my_audio_in_obs_currently_trying_to_mutlis_60735264.md -> added ['streaming-rig']
2026-05-18 10:19:28,549 [INFO] UPDATED: 2026-01-08_is_it_supposed_to_freeze_at_the_linux_mint_logo_61544658.md -> added ['homelab-stack']
2026-05-18 10:19:28,557 [INFO] UPDATED: 2026-01-08_it_also_says_hard_disk_not_installed_46536336.md -> added ['homelab-stack']
2026-05-18 10:19:28,569 [INFO] UPDATED: 2026-01-08_one_thing_i_want_to_add_i_already_have_my_spotify_playing_th_30973575.md -> added ['streaming-rig']
2026-05-18 10:19:28,580 [INFO] UPDATED: 2026-01-08_so_i_cant_have_music_play_AND_have_my_tiktok_vod_clean_of_th_57010436.md -> added ['streaming-rig']
2026-05-18 10:19:28,600 [INFO] UPDATED: 2026-01-08_the_installation_kept_crashing_and_it_wasnt_picking_up_my_ha_56249456.md -> added ['homelab-stack']
2026-05-18 10:19:28,608 [INFO] UPDATED: 2026-01-09_I_mean_to_say_that_Im_running_through_the_install_process_it_70741922.md -> added ['homelab-stack']
2026-05-18 10:19:28,615 [INFO] UPDATED: 2026-01-09_Its_the_ideapad_1_14IGL05_89941137.md -> added ['homelab-stack']
2026-05-18 10:19:28,625 [INFO] UPDATED: 2026-01-09_Trying_to_put_Linux_mint_on_a_Lenovo_idea_pad_and_when_I_fin_51135820.md -> added ['homelab-stack']
2026-05-18 10:19:28,656 [INFO] UPDATED: 2026-01-16_Everything_else_looks_fine_60327505.md -> added ['homelab-stack']
2026-05-18 10:19:28,677 [INFO] UPDATED: 2026-01-16_Hey_if_I_have_a_Dell_Optiplex_kind_of_computer_and_its_like__71233362.md -> added ['homelab-stack']
2026-05-18 10:19:28,684 [INFO] UPDATED: 2026-01-16_How_do_I_turn_FSR_on_on_the_Steam_Deck_in_this_menu_37967404.md -> added ['homelab-stack']
2026-05-18 10:19:28,696 [INFO] UPDATED: 2026-01-16_Is_this_a_SSD_or_a_HDD_40225552.md -> added ['homelab-stack']
2026-05-18 10:19:28,705 [INFO] UPDATED: 2026-01-16_No_I_just_turned_it_on_and_thats_what_its_doing_The_CPU_look_30868410.md -> added ['homelab-stack']
2026-05-18 10:19:28,705 [INFO] Progress: 1500/3401 files processed...
2026-05-18 10:19:28,717 [INFO] UPDATED: 2026-01-16_No_the_only_thing_I_see_like_the_the_LED_indicator_for_like__31168141.md -> added ['homelab-stack']
2026-05-18 10:19:28,744 [INFO] UPDATED: 2026-01-17_so_I_had_a_128_GB_USB_like_a_thumb_drive_and_Basically_I_wen_10679358.md -> added ['homelab-stack']
2026-05-18 10:19:28,755 [INFO] UPDATED: 2026-01-19_So_I_used_it_and_it_launched_and_its_not_like_downloaded_to__65087156.md -> added ['homelab-stack']
2026-05-18 10:19:28,767 [INFO] UPDATED: 2026-01-19_Which_build_do_I_need_for_the_Steam_Deck_29660335.md -> added ['homelab-stack']
2026-05-18 10:19:28,778 [INFO] UPDATED: 2026-01-19_Yeah_so_I_downloaded_the_app_image_cuz_you_cant_like_manuall_35778645.md -> added ['homelab-stack']
2026-05-18 10:19:28,787 [INFO] UPDATED: 2026-01-19_after_deleting_and_reinstalling_the_app_image_it_finally_lau_76685680.md -> added ['homelab-stack']
2026-05-18 10:19:28,795 [INFO] UPDATED: 2026-01-19_and_now_we_have_toastedmelonDESKTOP_NG2I0P2_sudo_docker_run__47026905.md -> added ['homelab-stack']
2026-05-18 10:19:28,806 [INFO] UPDATED: 2026-01-19_changed_the_spacing_only_just_to_see_if_that_was_the_issue_a_42213011.md -> added ['homelab-stack']
2026-05-18 10:19:28,815 [INFO] UPDATED: 2026-01-19_docker_seems_to_have_installed_how_can_i_check_91944222.md -> added ['homelab-stack']
2026-05-18 10:19:28,845 [INFO] UPDATED: 2026-01-19_this_is_what_we_have_so_far_toastedmelonDESKTOP_NG2I0P2_dock_46441399.md -> added ['homelab-stack']
2026-05-18 10:19:28,856 [INFO] UPDATED: 2026-01-19_to_clarify_i_have_ollama_installed_via_wsl_32570184.md -> added ['homelab-stack']
2026-05-18 10:19:28,865 [INFO] UPDATED: 2026-01-19_toastedmelonDESKTOP_NG2I0P2_curl_http12700111434apitags_mode_25537054.md -> added ['homelab-stack']
2026-05-18 10:19:28,883 [INFO] UPDATED: 2026-01-19_trying_to_use_docker_via_wsl_to_have_openwebui_as_an_instanc_27544303.md -> added ['homelab-stack']
2026-05-18 10:19:28,898 [INFO] UPDATED: 2026-01-19_yes_please_lets_verify_and_then_get_the_open_webui_instance__78877723.md -> added ['homelab-stack']
2026-05-18 10:19:29,270 [INFO] UPDATED: 2026-01-21_so_just_to_make_this_clear_will_this_all_start_up_as_soon_as_10046816.md -> added ['homelab-stack']
2026-05-18 10:19:29,301 [INFO] UPDATED: 2026-01-21_trying_to_start_up_my_docker_container_this_is_what_im_seein_78423318.md -> added ['homelab-stack']
2026-05-18 10:19:29,338 [INFO] UPDATED: 2026-01-26_For_better_context_I_was_using_ollama_via_wsl2_on_my_pc_and__29770489.md -> added ['homelab-stack']
2026-05-18 10:19:29,362 [INFO] UPDATED: 2026-01-31_Decided_to_full_send_Linux_rather_than_waiting_on_getting_an_36968041.md -> added ['homelab-stack']
2026-05-18 10:19:29,637 [INFO] UPDATED: 2026-02-01_Is_there_a_way_to_make_a_server_of_some_kind_to_sync_save_da_52274103.md -> added ['homelab-stack']
2026-05-18 10:19:29,745 [INFO] UPDATED: 2026-02-02_Editing_etcsystemdsystempower_profiles_daemonservicedoverrid_73838703.md -> added ['streaming-rig']
2026-05-18 10:19:29,789 [INFO] UPDATED: 2026-02-02_How_would_I_go_about_setting_up_obs_So_that_way_I_could_use__89791129.md -> added ['streaming-rig']
2026-05-18 10:19:29,901 [INFO] UPDATED: 2026-02-02_Untitled_Gemini_79533956.md -> added ['streaming-rig']
2026-05-18 10:19:29,949 [INFO] UPDATED: 2026-02-02_cat_EOF_localshareapplicationscomobsprojectStudiodesktop_Des_20384259.md -> added ['streaming-rig']
2026-05-18 10:19:29,958 [INFO] UPDATED: 2026-02-02_cat_configvesktopsettingsjson_discordBranch_stable_minimizeT_59036432.md -> added ['streaming-rig']
2026-05-18 10:19:30,003 [INFO] UPDATED: 2026-02-02_cat_usrlocalbinreset_yetish_binbash_sleep_5_usrbinusbreset_0_73588822.md -> added ['streaming-rig']
2026-05-18 10:19:30,016 [INFO] UPDATED: 2026-02-02_dbus_send_print_reply_destcomobsprojectStudio_comobsprojectS_24657780.md -> added ['streaming-rig']
2026-05-18 10:19:30,028 [INFO] UPDATED: 2026-02-02_did_step_one_still_flickers_1_The_XWayland_Problem_Vesktop_b_50561424.md -> added ['streaming-rig']
2026-05-18 10:19:30,056 [INFO] UPDATED: 2026-02-02_error_unexpected_argument_address_found_Usage_obs_cmd_OPTION_84994396.md -> added ['streaming-rig']
2026-05-18 10:19:30,064 [INFO] UPDATED: 2026-02-02_error_unexpected_argument_p_found_Usage_obs_cmd_OPTIONS_COMM_43983365.md -> added ['streaming-rig']
2026-05-18 10:19:30,077 [INFO] UPDATED: 2026-02-02_error_unexpected_argument_password_found_Usage_obs_cmd_OPTIO_84386785.md -> added ['streaming-rig']
2026-05-18 10:19:30,087 [INFO] UPDATED: 2026-02-02_fish_add_path_move_path_localbin_set_g_PATH_hometoastedmel0n_48679421.md -> added ['streaming-rig']
2026-05-18 10:19:30,122 [INFO] UPDATED: 2026-02-02_how_do_i_ensure_you_have_your_headers_and_the_appropriate_ha_24861909.md -> added ['streaming-rig']
2026-05-18 10:19:30,155 [INFO] UPDATED: 2026-02-02_how_do_i_make_my_keybind_a_button_via_opendeck_for_stream_de_82762483.md -> added ['streaming-rig']
2026-05-18 10:19:30,169 [INFO] UPDATED: 2026-02-02_how_do_i_uninstall_obs_cmd_28419796.md -> added ['streaming-rig']
2026-05-18 10:19:30,181 [INFO] UPDATED: 2026-02-02_how_to_blur_background_obs_camera_cachyos_94388671.md -> added ['streaming-rig']
2026-05-18 10:19:30,210 [INFO] UPDATED: 2026-02-02_i_dont_even_see_the_option_for_window_capture_anymore_87393420.md -> added ['streaming-rig']
2026-05-18 10:19:30,235 [INFO] UPDATED: 2026-02-02_i_dont_see_vrr_in_gnome_settings_19405049.md -> added ['streaming-rig']
2026-05-18 10:19:37,000 [INFO] UPDATED: 2026-02-02_i_simply_want_to_be_able_to_clip_whatever_game_it_is_that_im_35035892.md -> added ['streaming-rig']
2026-05-18 10:19:37,011 [INFO] UPDATED: 2026-02-02_i_want_to_use_obs_57814661.md -> added ['streaming-rig']
2026-05-18 10:19:37,018 [INFO] UPDATED: 2026-02-02_im_on_Mutter_Wayland_84330576.md -> added ['streaming-rig']
2026-05-18 10:19:37,036 [INFO] UPDATED: 2026-02-02_im_on_cachyos_if_that_makes_a_difference_40884889.md -> added ['streaming-rig']
2026-05-18 10:19:37,044 [INFO] UPDATED: 2026-02-02_im_on_gnome_15311651.md -> added ['streaming-rig']
2026-05-18 10:19:37,057 [INFO] UPDATED: 2026-02-02_im_simply_trying_to_clip_any_game_i_play_via_obs_i_have_my_r_41838922.md -> added ['streaming-rig']
2026-05-18 10:19:37,068 [INFO] UPDATED: 2026-02-02_it_doesnt_say_start_replay_buffer_32099879.md -> added ['streaming-rig']
2026-05-18 10:19:37,088 [INFO] UPDATED: 2026-02-02_it_shows_up_now_how_do_i_get_it_to_not_flicker_when_im_doing_74475471.md -> added ['streaming-rig']
2026-05-18 10:19:29,861 [INFO] UPDATED: 2026-02-02_it_still_doesnt_start_with_replay_buffer_when_i_launch_obs_v_49754353.md -> added ['streaming-rig']
2026-05-18 10:19:29,875 [INFO] UPDATED: 2026-02-02_it_still_wont_work_79467500.md -> added ['operation-immortal-agent']
2026-05-18 10:19:29,902 [INFO] UPDATED: 2026-02-02_ls_usrshareapplications_grep_obs_rw_r_r_94k_root_18_Jan_0552_41807673.md -> added ['streaming-rig']
2026-05-18 10:19:29,910 [INFO] UPDATED: 2026-02-02_lspci_k_grep_A_2_E_VGA3D_01000_VGA_compatible_controller_NVI_63032040.md -> added ['streaming-rig']
2026-05-18 10:19:29,919 [INFO] UPDATED: 2026-02-02_lsusb_Bus_001_Device_001_ID_1d6b0002_Linux_Foundation_20_roo_12214328.md -> added ['streaming-rig']
2026-05-18 10:19:29,933 [INFO] UPDATED: 2026-02-02_lsusb_Bus_001_Device_001_ID_1d6b0002_Linux_Foundation_20_roo_38877201.md -> added ['streaming-rig']
2026-05-18 10:19:29,953 [INFO] UPDATED: 2026-02-02_lsusb_v_d_046d0ab7_grep_i_iInterface_Couldnt_open_device_som_65484048.md -> added ['streaming-rig']
2026-05-18 10:19:29,961 [INFO] UPDATED: 2026-02-02_mine_didnt_start_replay_buffer_when_i_launced_16777736.md -> added ['streaming-rig']
2026-05-18 10:19:29,970 [INFO] UPDATED: 2026-02-02_my_audio_keeps_working_one_minute_then_stopping_the_next_im__25298874.md -> added ['streaming-rig']
2026-05-18 10:19:30,009 [INFO] UPDATED: 2026-02-02_now_it_works_but_now_my_yeti_mic_is_acting_up_again_and_it_w_81563244.md -> added ['streaming-rig']
2026-05-18 10:19:30,018 [INFO] UPDATED: 2026-02-02_now_my_blue_yeti_isnt_picking_up_again_89258517.md -> added ['streaming-rig']
2026-05-18 10:19:30,027 [INFO] UPDATED: 2026-02-02_now_my_keybind_wont_work_pgup_42565583.md -> added ['streaming-rig']
2026-05-18 10:19:30,038 [INFO] UPDATED: 2026-02-02_now_my_window_doesnt_show_up_in_obs_10985030.md -> added ['streaming-rig']
2026-05-18 10:19:30,046 [INFO] UPDATED: 2026-02-02_now_that_i_have_replay_buffer_set_up_within_obs_how_do_i_mak_18329437.md -> added ['streaming-rig']
2026-05-18 10:19:30,059 [INFO] UPDATED: 2026-02-02_pacman_Qs_xdg_desktop_portal_localxdg_desktop_portal_1203_21_64041999.md -> added ['streaming-rig']
2026-05-18 10:19:30,072 [INFO] UPDATED: 2026-02-02_paru_S_python_obsws_python_Resolving_dependencies_error_coul_32706032.md -> added ['streaming-rig']
2026-05-18 10:19:30,079 [INFO] UPDATED: 2026-02-02_pip_install_obs_websocket_py_fish_Unknown_command_pip_15340216.md -> added ['streaming-rig']
2026-05-18 10:19:30,095 [INFO] UPDATED: 2026-02-02_ran_step_4_echo_PATH_grep_localbin_usrlocalbin_usrbin_usrbin_64263539.md -> added ['streaming-rig']
2026-05-18 10:19:30,111 [INFO] UPDATED: 2026-02-02_reset_yetish_Resetting_Yeti_at_sysbususbdevices1_3_0_1_7s_84381174.md -> added ['streaming-rig']
2026-05-18 10:19:30,131 [INFO] UPDATED: 2026-02-02_screen_flickers_when_playing_cs2_on_obs_now_39651105.md -> added ['streaming-rig']
2026-05-18 10:19:30,143 [INFO] UPDATED: 2026-02-02_seems_to_fix_the_obs_flickering_issue_too_how_do_i_add_my_ho_68063086.md -> added ['streaming-rig']
2026-05-18 10:19:30,152 [INFO] UPDATED: 2026-02-02_so_discord_seems_to_work_but_when_i_tried_to_play_arc_raider_81124770.md -> added ['streaming-rig']
2026-05-18 10:19:30,161 [INFO] UPDATED: 2026-02-02_so_i_cant_use_screen_capture_pipewire_for_the_whole_screen_41236225.md -> added ['streaming-rig']
2026-05-18 10:19:30,169 [INFO] UPDATED: 2026-02-02_so_i_ran_paru_S_obs_cmd_now_what_55635815.md -> added ['streaming-rig']
2026-05-18 10:19:30,191 [INFO] UPDATED: 2026-02-02_still_wont_pick_up_my_yeti_i_have_to_unplug_and_replug_every_80562470.md -> added ['streaming-rig']
2026-05-18 10:19:30,213 [INFO] UPDATED: 2026-02-02_still_wont_work_and_i_dont_have_that_adapter_right_now_safe__84252487.md -> added ['streaming-rig']
2026-05-18 10:19:30,231 [INFO] UPDATED: 2026-02-02_sudo_dmesg_grep_i_usb_1_9_sudo_password_for_toastedmel0n_820_13208412.md -> added ['streaming-rig']
2026-05-18 10:19:30,263 [INFO] UPDATED: 2026-02-02_sudo_pacman_S_obs_cmd_sudo_password_for_toastedmel0n_error_t_89740680.md -> added ['streaming-rig']
2026-05-18 10:19:30,278 [INFO] UPDATED: 2026-02-02_sudo_pacman_S_python_obs_websocket_py_error_target_not_found_18236497.md -> added ['streaming-rig']
2026-05-18 10:19:30,289 [INFO] UPDATED: 2026-02-02_sudo_password_for_toastedmel0n_error_target_not_found_obs_cm_16530353.md -> added ['streaming-rig']
2026-05-18 10:19:30,316 [INFO] UPDATED: 2026-02-02_systemctl_list_units_typeservice_grep_E_tlplaptop_modepower__57072575.md -> added ['streaming-rig']
2026-05-18 10:19:30,338 [INFO] UPDATED: 2026-02-02_this_is_what_i_see_57701941.md -> added ['streaming-rig']
2026-05-18 10:19:30,348 [INFO] UPDATED: 2026-02-02_this_is_what_i_see_81638953.md -> added ['streaming-rig']
2026-05-18 10:19:30,367 [INFO] UPDATED: 2026-02-02_trying_to_get_around_cachyos_with_how_it_handles_keypresses__89394436.md -> added ['streaming-rig']
2026-05-18 10:19:30,376 [INFO] UPDATED: 2026-02-02_turning_on_variable_on_my_27_inch_seems_to_have_fixed_it_51191001.md -> added ['streaming-rig']
2026-05-18 10:19:30,400 [INFO] UPDATED: 2026-02-02_vesktop_screen_sharing_flicker_cachyos_gnome_49_89006840.md -> added ['streaming-rig']
2026-05-18 10:19:30,423 [INFO] UPDATED: 2026-02-02_when_i_run_obs_startreplaybuffer_it_does_work_but_when_i_cli_78727458.md -> added ['streaming-rig']
2026-05-18 10:19:30,444 [INFO] UPDATED: 2026-02-02_why_is_the_ledger_option_grayed_out_72012936.md -> added ['operation-immortal-agent']
2026-05-18 10:19:30,463 [INFO] UPDATED: 2026-02-02_yeah_it_still_flickers_the_only_way_it_doesnt_is_if_i_pick_t_66258542.md -> added ['streaming-rig']
2026-05-18 10:19:30,471 [INFO] UPDATED: 2026-02-03_Deleted_the_part_and_rebooted_and_got_this_38198870.md -> added ['homelab-stack', 'streaming-rig']
2026-05-18 10:19:30,490 [INFO] UPDATED: 2026-02-03_I_messed_up_how_do_I_get_it_to_take_my_name_again_35892038.md -> added ['homelab-stack', 'streaming-rig']
2026-05-18 10:19:30,507 [INFO] UPDATED: 2026-02-03_Im_going_kde_this_time_just_because_it_worked_with_obs_when__30526797.md -> added ['streaming-rig']
2026-05-18 10:19:30,525 [INFO] UPDATED: 2026-02-03_It_still_flickers_even_after_running_the_command_37014569.md -> added ['streaming-rig']
2026-05-18 10:19:30,539 [INFO] UPDATED: 2026-02-03_QT_QPA_PLATFORMxcb_obs_obs12636_Gtk_WARNING_205858852_Theme__47311722.md -> added ['streaming-rig']
2026-05-18 10:19:30,554 [INFO] UPDATED: 2026-02-03_So_how_do_I_go_about_that_82119531.md -> added ['streaming-rig']
2026-05-18 10:19:30,563 [INFO] UPDATED: 2026-02-03_So_theres_no_way_to_change_it_from_Wayland_59226608.md -> added ['streaming-rig']
2026-05-18 10:19:30,579 [INFO] UPDATED: 2026-02-03_So_youre_saying_its_the_Wayland_side_of_things_85064323.md -> added ['streaming-rig']
2026-05-18 10:19:30,595 [INFO] UPDATED: 2026-02-03_Still_flickers_in_obs_even_if_I_turn_hardware_acceleration_o_29522220.md -> added ['streaming-rig']
2026-05-18 10:19:30,611 [INFO] UPDATED: 2026-02-03_This_is_all_I_see_42497887.md -> added ['homelab-stack', 'streaming-rig']
2026-05-18 10:19:30,624 [INFO] UPDATED: 2026-02-03_Untitled_Gemini_14294494.md -> added ['streaming-rig']
2026-05-18 10:19:30,633 [INFO] UPDATED: 2026-02-03_Untitled_Gemini_20805636.md -> added ['streaming-rig']
2026-05-18 10:19:30,653 [INFO] UPDATED: 2026-02-03_When_I_ran_QT_QPA_PLATFORMxcb_obs_Its_working_now_24909541.md -> added ['streaming-rig']
2026-05-18 10:19:30,663 [INFO] UPDATED: 2026-02-03_Will_this_allow_me_to_use_any_window_rather_than_a_specific__68783138.md -> added ['streaming-rig']
2026-05-18 10:19:30,678 [INFO] UPDATED: 2026-02-03_Yes_please_lets_switch_from_Wayland_60730542.md -> added ['streaming-rig']
2026-05-18 10:19:30,695 [INFO] UPDATED: 2026-02-03_added_info_output_53050621.md -> added ['streaming-rig']
2026-05-18 10:19:30,710 [INFO] UPDATED: 2026-02-03_best_88246204.md -> added ['streaming-rig']
2026-05-18 10:19:30,720 [INFO] UPDATED: 2026-02-03_best_now_playing_overlay_obs_86919435.md -> added ['streaming-rig']
2026-05-18 10:19:30,729 [INFO] UPDATED: 2026-02-03_can_i_make_the_text_scroll_46703552.md -> added ['streaming-rig']
2026-05-18 10:19:30,761 [INFO] UPDATED: 2026-02-03_even_if_its_blank_34890029.md -> added ['streaming-rig']
2026-05-18 10:19:30,778 [INFO] UPDATED: 2026-02-03_find_name_indexhtml_grep_tuna_find_hometoastedmel0ncacheparu_37630402.md -> added ['streaming-rig']
2026-05-18 10:19:30,794 [INFO] UPDATED: 2026-02-03_h_91185482.md -> added ['streaming-rig']
2026-05-18 10:19:30,810 [INFO] UPDATED: 2026-02-03_how_could_i_find_configobs_studiopluginstunadatawebindexhtml_75702512.md -> added ['streaming-rig']
2026-05-18 10:19:30,823 [INFO] UPDATED: 2026-02-03_how_do_i_add_this_so_its_on_my_overlay_55312484.md -> added ['streaming-rig']
2026-05-18 10:19:30,835 [INFO] UPDATED: 2026-02-03_how_do_i_get_a_transparent_bg_on_the_scrolling_text_75263356.md -> added ['streaming-rig']
2026-05-18 10:19:30,871 [INFO] UPDATED: 2026-02-03_how_do_i_install_tuna_51248147.md -> added ['streaming-rig']
2026-05-18 10:19:30,892 [INFO] UPDATED: 2026-02-03_how_do_i_outline_white_with_black_outline_text_obs_79362483.md -> added ['streaming-rig']
2026-05-18 10:19:30,916 [INFO] UPDATED: 2026-02-03_how_to_disable_gsp_after_running_sudo_pacman_S_nvidia_580xx__76747100.md -> added ['streaming-rig']
2026-05-18 10:19:30,958 [INFO] UPDATED: 2026-02-03_how_to_install_opendeck_cachyos_79587959.md -> added ['streaming-rig']
2026-05-18 10:19:30,985 [INFO] UPDATED: 2026-02-03_i_dont_se_text_gdi_86638556.md -> added ['streaming-rig']
2026-05-18 10:19:30,997 [INFO] UPDATED: 2026-02-03_i_dont_see_a_add_browser_source_cachyos_58480063.md -> added ['streaming-rig']
2026-05-18 10:19:31,005 [INFO] UPDATED: 2026-02-03_i_dont_see_drop_shadow_as_an_option_63878773.md -> added ['streaming-rig']
2026-05-18 10:19:31,020 [INFO] UPDATED: 2026-02-03_i_just_want_the_text_to_pop_63264093.md -> added ['streaming-rig']
2026-05-18 10:19:31,037 [INFO] UPDATED: 2026-02-03_i_still_dont_see_browser_surce_71577189.md -> added ['streaming-rig']
2026-05-18 10:19:31,054 [INFO] UPDATED: 2026-02-03_i_want_a_widget_to_show_the_album_art_with_this_14920994.md -> added ['streaming-rig']
2026-05-18 10:19:31,066 [INFO] UPDATED: 2026-02-03_im_on_cachyos_71990885.md -> added ['streaming-rig']
2026-05-18 10:19:31,074 [INFO] UPDATED: 2026-02-03_im_on_cachyos_how_do_i_install_tuna_for_obs_72761081.md -> added ['streaming-rig']
2026-05-18 10:19:31,082 [INFO] UPDATED: 2026-02-03_im_talking_about_the_flickering_issue_72563590.md -> added ['streaming-rig']
2026-05-18 10:19:31,090 [INFO] UPDATED: 2026-02-03_im_talking_on_obs_the_window_capture_flickers_when_im_playin_83816573.md -> added ['streaming-rig']
2026-05-18 10:19:31,098 [INFO] UPDATED: 2026-02-03_it_points_to_this_httpsrawgithubusercontentcomunivrsaltunama_33451474.md -> added ['streaming-rig']
2026-05-18 10:19:31,107 [INFO] UPDATED: 2026-02-03_it_still_flickers_even_without_the_browser_source_79063005.md -> added ['streaming-rig']
2026-05-18 10:19:31,122 [INFO] UPDATED: 2026-02-03_it_still_keeps_happening_and_ive_tried_everything_28822997.md -> added ['streaming-rig']
2026-05-18 10:19:31,136 [INFO] UPDATED: 2026-02-03_it_went_back_to_flickering_but_it_was_just_working_82464638.md -> added ['streaming-rig']
2026-05-18 10:19:31,152 [INFO] UPDATED: 2026-02-03_its_not_blank_but_its_this_49646851.md -> added ['streaming-rig']
2026-05-18 10:19:31,162 [INFO] UPDATED: 2026-02-03_its_not_my_music_overlay_that_flickers_its_the_window_captur_60501521.md -> added ['streaming-rig']
2026-05-18 10:19:31,170 [INFO] UPDATED: 2026-02-03_ive_turned_it_off_but_it_still_keeps_happening_82975982.md -> added ['streaming-rig']
2026-05-18 10:19:31,213 [INFO] UPDATED: 2026-02-03_my_old_obs_is_still_there_86935713.md -> added ['streaming-rig']
2026-05-18 10:19:31,228 [INFO] UPDATED: 2026-02-03_new_error_49621087.md -> added ['streaming-rig']
2026-05-18 10:19:31,246 [INFO] UPDATED: 2026-02-03_nvidia_smi_q_grep_GSP_Firmware_GSP_Firmware_Version_5904801_73884695.md -> added ['streaming-rig']
2026-05-18 10:19:31,254 [INFO] UPDATED: 2026-02-03_nvidia_smi_q_grep_GSP_Firmware_GSP_Firmware_Version_NA_87949549.md -> added ['streaming-rig']
2026-05-18 10:19:31,266 [INFO] UPDATED: 2026-02-03_obs_cachyos_command_70642539.md -> added ['streaming-rig']
2026-05-18 10:19:31,280 [INFO] UPDATED: 2026-02-03_outline_doesnt_give_me_an_option_to_pick_the_color_59598137.md -> added ['streaming-rig']
2026-05-18 10:19:31,301 [INFO] UPDATED: 2026-02-03_pacman_Qs_obs_studio_flatpak_list_grep_obs_54827800.md -> added ['streaming-rig']
2026-05-18 10:19:31,311 [INFO] UPDATED: 2026-02-03_paru_S_obs_stroke_Resolving_dependencies_error_could_not_fin_92307906.md -> added ['streaming-rig']
2026-05-18 10:19:31,341 [INFO] UPDATED: 2026-02-03_ran_rm_hometoastedmel0nlocalbinobs_and_its_still_there_11084352.md -> added ['streaming-rig']
2026-05-18 10:19:31,353 [INFO] UPDATED: 2026-02-03_running_nvidia_settings_a_gpu0GPUPowerMizerMode1_seemed_to_f_45264824.md -> added ['streaming-rig']
2026-05-18 10:19:31,366 [INFO] UPDATED: 2026-02-03_so_it_shows_but_its_just_metadata_65191855.md -> added ['streaming-rig']
2026-05-18 10:19:31,389 [INFO] UPDATED: 2026-02-03_still_no_browser_source_75196735.md -> added ['streaming-rig']
2026-05-18 10:19:31,452 [INFO] UPDATED: 2026-02-03_sudo_pacman_S_linux_cachyos_nvidia_error_target_not_found_li_12221002.md -> added ['streaming-rig']
2026-05-18 10:19:31,479 [INFO] UPDATED: 2026-02-03_sudo_pacman_S_nvidia_dkms_nvidia_utils_lib32_nvidia_utils_nv_81406952.md -> added ['streaming-rig']
2026-05-18 10:19:31,498 [INFO] UPDATED: 2026-02-03_sudo_pacman_S_obs_studio_obs_browser_plugin_sudo_password_fo_75875310.md -> added ['streaming-rig']
2026-05-18 10:19:31,524 [INFO] UPDATED: 2026-02-03_sudo_pacman_S_plasma_cachyos_kde_settings_sudo_password_for__25553139.md -> added ['streaming-rig']
2026-05-18 10:19:31,548 [INFO] UPDATED: 2026-02-03_sudo_password_for_toastedmel0n_GPU_clocks_set_to_gpuClkMin_1_48214820.md -> added ['streaming-rig']
2026-05-18 10:19:31,583 [INFO] UPDATED: 2026-02-03_sudo_systemctl_disable_gdm_sudo_systemctl_enable_plasma_logi_55553620.md -> added ['streaming-rig']
2026-05-18 10:19:31,598 [INFO] UPDATED: 2026-02-03_text_isnt_changing_for_the_song_title_82806786.md -> added ['streaming-rig']
2026-05-18 10:19:31,615 [INFO] UPDATED: 2026-02-03_the_index_html_isnt_in_tuna_style_but_the_folder_is_there_15040208.md -> added ['streaming-rig']
2026-05-18 10:19:31,622 [INFO] UPDATED: 2026-02-03_the_text_wont_update_when_the_song_changes_the_cover_art_doe_23805526.md -> added ['streaming-rig']
2026-05-18 10:19:31,630 [INFO] UPDATED: 2026-02-03_the_wm_for_kde_here_is_WM_KWin_Wayland_but_it_works_13186415.md -> added ['streaming-rig']
2026-05-18 10:19:31,641 [INFO] UPDATED: 2026-02-03_these_are_my_stats_if_that_helps_toastedmel0ntoastedPC_OS_Ca_25081967.md -> added ['streaming-rig']
2026-05-18 10:19:31,649 [INFO] UPDATED: 2026-02-03_they_are_both_165hz_just_the_27_in_has_variable_refresh_rate_54679356.md -> added ['streaming-rig']
2026-05-18 10:19:31,657 [INFO] UPDATED: 2026-02-03_this_all_i_see_47450077.md -> added ['streaming-rig']
2026-05-18 10:19:31,674 [INFO] UPDATED: 2026-02-03_this_is_what_i_see_32821057.md -> added ['streaming-rig']
2026-05-18 10:19:31,682 [INFO] UPDATED: 2026-02-03_this_is_what_i_see_84292996.md -> added ['streaming-rig']
2026-05-18 10:19:31,689 [INFO] UPDATED: 2026-02-03_this_is_what_i_see_91247466.md -> added ['streaming-rig']
2026-05-18 10:19:31,696 [INFO] UPDATED: 2026-02-03_this_is_what_it_says_22898649.md -> added ['streaming-rig']
2026-05-18 10:19:31,706 [INFO] UPDATED: 2026-02-03_this_is_whats_in_the_folder_48346064.md -> added ['streaming-rig']
2026-05-18 10:19:31,713 [INFO] UPDATED: 2026-02-03_this_is_whats_there_29426264.md -> added ['streaming-rig']
2026-05-18 10:19:31,728 [INFO] UPDATED: 2026-02-03_using_6klabs_now_playing_widget_but_it_only_picks_up_spotify_76049581.md -> added ['streaming-rig']
2026-05-18 10:19:31,751 [INFO] UPDATED: 2026-02-03_when_i_add_the_browser_source_now_it_doesnt_show_anything_32992344.md -> added ['streaming-rig']
2026-05-18 10:19:31,758 [INFO] UPDATED: 2026-02-03_when_i_added_httplocalhost1608overlay_the_metadata_disappear_17415364.md -> added ['streaming-rig']
2026-05-18 10:19:31,766 [INFO] UPDATED: 2026-02-03_when_i_click_the_mpris_tab_i_only_see_my_firefox_tab_where_t_27418178.md -> added ['streaming-rig']
2026-05-18 10:19:31,785 [INFO] UPDATED: 2026-02-03_when_i_launch_obs_with___NV_DISABLE_EXPLICIT_SYNC1_obs_obs_d_56226350.md -> added ['streaming-rig']
2026-05-18 10:19:31,800 [INFO] UPDATED: 2026-02-03_when_its_fullscreen_windowed_is_when_it_does_it_too_but_when_25750894.md -> added ['streaming-rig']
2026-05-18 10:19:31,809 [INFO] UPDATED: 2026-02-03_which_obs_hometoastedmel0nlocalbinobs_73127695.md -> added ['streaming-rig']
2026-05-18 10:19:31,820 [INFO] UPDATED: 2026-02-03_which_obs_hometoastedmel0nlocalbinobs_rm_hometoastedmel0nloc_78065770.md -> added ['streaming-rig']
2026-05-18 10:19:31,880 [INFO] UPDATED: 2026-02-03_will_i_lose_everything_if_i_switch_to_kde_32132967.md -> added ['streaming-rig']
2026-05-18 10:19:31,889 [INFO] UPDATED: 2026-02-03_would_this_all_be_because_im_on_gnome_is_it_better_on_kde_40833967.md -> added ['streaming-rig']
2026-05-18 10:19:31,910 [INFO] UPDATED: 2026-02-04_I_want_to_preface_that_i_have_emulation_station_on_my_steam__29286682.md -> added ['homelab-stack']
2026-05-18 10:19:31,926 [INFO] UPDATED: 2026-02-04_every_time_i_switch_between_spotify_or_soundcloud_it_stops_w_91015112.md -> added ['streaming-rig']
2026-05-18 10:19:31,944 [INFO] UPDATED: 2026-02-04_how_do_i_get_rid_of_tuna_obs_cachyos_67999937.md -> added ['streaming-rig']
2026-05-18 10:19:31,949 [INFO] UPDATED: 2026-02-04_how_do_i_install_upd72020x_fw_package_19772485.md -> added ['streaming-rig']
2026-05-18 10:19:31,958 [INFO] Progress: 2000/3401 files processed...
2026-05-18 10:19:31,966 [INFO] UPDATED: 2026-02-04_how_do_i_uninstall_user_define_shader_85321829.md -> added ['streaming-rig']
2026-05-18 10:19:31,982 [INFO] UPDATED: 2026-02-04_i_dont_see_System_Settings_Clipboard_Input_Global_Shortcuts__26233290.md -> added ['streaming-rig']
2026-05-18 10:19:32,007 [INFO] UPDATED: 2026-02-04_im_on_cachyos_33535098.md -> added ['streaming-rig']
2026-05-18 10:19:32,015 [INFO] UPDATED: 2026-02-04_im_talking_about_the_sound_fetch_and_the_album_art_64554244.md -> added ['streaming-rig']
2026-05-18 10:19:32,024 [INFO] UPDATED: 2026-02-04_it_was_this_command_i_want_to_remove_89578998.md -> added ['streaming-rig']
2026-05-18 10:19:32,032 [INFO] UPDATED: 2026-02-04_it_worked_when_i_ran_the_QT_QPA_PLATFORMxcb_obs_command_but__77091151.md -> added ['streaming-rig']
2026-05-18 10:19:32,048 [INFO] UPDATED: 2026-02-04_paru_Rns_obs_shaderfilter_sudo_password_for_toastedmel0n_err_36736359.md -> added ['streaming-rig']
2026-05-18 10:19:32,054 [INFO] UPDATED: 2026-02-04_paru_Rns_obs_tuna_sudo_password_for_toastedmel0n_error_targe_70162722.md -> added ['streaming-rig']
2026-05-18 10:19:32,083 [INFO] UPDATED: 2026-02-04_trying_to_clip_things_via_obs_when_i_play_games_i_have_repla_39109044.md -> added ['streaming-rig']
2026-05-18 10:19:32,099 [INFO] UPDATED: 2026-02-04_what_24040562.md -> added ['streaming-rig']
2026-05-18 10:19:32,106 [INFO] UPDATED: 2026-02-04_what_is_an_easier_way_to_do_this_what_browser_source_tracks__12650173.md -> added ['streaming-rig']
2026-05-18 10:19:32,217 [INFO] UPDATED: 2026-02-07_i_used_the_safe_and_standard_method_can_you_better_explain_w_88028855.md -> added ['streaming-rig']
2026-05-18 10:19:32,224 [INFO] UPDATED: 2026-02-07_its_currenttly_finishing_compiling_42062373.md -> added ['streaming-rig']
2026-05-18 10:19:32,237 [INFO] UPDATED: 2026-02-08_how_do_i_install_composite_blur_in_obs_on_cachyos_i_have_the_77267334.md -> added ['streaming-rig']
2026-05-18 10:19:32,244 [INFO] UPDATED: 2026-02-08_how_do_i_make_a_folder_for_my_stream_deck_in_opendeck_60772473.md -> added ['streaming-rig']
2026-05-18 10:19:32,255 [INFO] UPDATED: 2026-02-08_i_used_to_use_nvidia_broadcast_if_that_helps_describe_the_ef_60725135.md -> added ['streaming-rig']
2026-05-18 10:19:32,265 [INFO] UPDATED: 2026-02-08_im_trying_to_blur_my_camera_background_99568480.md -> added ['streaming-rig']
2026-05-18 10:19:32,274 [INFO] UPDATED: 2026-02-08_so_uninstall_composite_blur_19541362.md -> added ['streaming-rig']
2026-05-18 10:19:32,282 [INFO] UPDATED: 2026-02-08_when_i_apply_the_background_removal_filter_its_only_on_my_fa_81070202.md -> added ['streaming-rig']
2026-05-18 10:19:32,289 [INFO] UPDATED: 2026-02-08_which_one_There_are_5_providers_available_for_onnxruntime_Re_86264380.md -> added ['streaming-rig']
2026-05-18 10:19:32,297 [INFO] UPDATED: 2026-02-09_What_about_hyprland_27214558.md -> added ['streaming-rig']
2026-05-18 10:19:32,305 [INFO] UPDATED: 2026-02-09_Why_did_recording_in_obs_flicker_on_gnome_but_not_kde_Using__43007423.md -> added ['streaming-rig']
2026-05-18 10:19:32,336 [INFO] UPDATED: 2026-02-17_cachyos_command_to_remove_obs_studio_18729549.md -> added ['streaming-rig']
2026-05-18 10:19:32,379 [INFO] UPDATED: 2026-02-17_rm_localshareapplicationscomobsprojectStudiodesktop_29319880.md -> added ['streaming-rig']
2026-05-18 10:19:32,399 [INFO] UPDATED: 2026-02-17_sudo_pacman_Rns_obs_studio_sudo_password_for_toastedmel0n_er_65653629.md -> added ['streaming-rig']
2026-05-18 10:19:32,432 [INFO] UPDATED: 2026-02-17_theres_still_a_ghost_file_26763656.md -> added ['streaming-rig']
2026-05-18 10:19:32,517 [INFO] UPDATED: 2026-02-24_Can_you_give_me_this_in_a_TLdr_for_my_cousin_real_fast_This__60946434.md -> added ['operation-immortal-agent']
2026-05-18 10:19:32,530 [INFO] UPDATED: 2026-02-24_How_could_i_showcase_this_agent_the_way_you_described_34245311.md -> added ['operation-immortal-agent']
2026-05-18 10:19:32,538 [INFO] UPDATED: 2026-02-24_How_will_this_be_deployed_84217276.md -> added ['operation-immortal-agent', 'streaming-rig']
2026-05-18 10:19:32,546 [INFO] UPDATED: 2026-02-24_How_would_I_do_this_on_cachyos_48283542.md -> added ['operation-immortal-agent']
2026-05-18 10:19:32,556 [INFO] UPDATED: 2026-02-24_I_want_it_to_be_able_to_efficiently_use_this_strategy_to_pay_69634936.md -> added ['operation-immortal-agent']
2026-05-18 10:19:32,567 [INFO] UPDATED: 2026-02-24_Ideally_the_plan_is_since_phantom_has_their_mcp_now_technica_87085559.md -> added ['operation-immortal-agent']
2026-05-18 10:19:32,575 [INFO] UPDATED: 2026-02-24_It_doesnt_HAVE_to_be_bitcoin_im_just_saying_something_less_v_49908706.md -> added ['operation-immortal-agent']
2026-05-18 10:19:32,584 [INFO] UPDATED: 2026-02-24_It_doesnt_have_to_be_10_but_I_want_it_to_be_self_sustaining__35341893.md -> added ['operation-immortal-agent']
2026-05-18 10:19:32,593 [INFO] UPDATED: 2026-02-24_So_if_I_had_300_how_would_I_put_this_plan_in_motion_19847749.md -> added ['operation-immortal-agent']
2026-05-18 10:19:32,602 [INFO] UPDATED: 2026-02-24_So_this_all_sounds_doable_What_about_the_top_5_yield_project_49997114.md -> added ['operation-immortal-agent']
2026-05-18 10:19:32,612 [INFO] UPDATED: 2026-02-24_So_to_sum_everything_up_57761725.md -> added ['operation-immortal-agent']
2026-05-18 10:19:32,619 [INFO] UPDATED: 2026-02-24_So_with_this_in_mind_can_you_remind_me_what_it_is_that_Im_bu_32193364.md -> added ['operation-immortal-agent']
2026-05-18 10:19:32,626 [INFO] UPDATED: 2026-02-24_Then_scale_to_top_25_65615966.md -> added ['operation-immortal-agent']
2026-05-18 10:19:32,637 [INFO] UPDATED: 2026-02-24_Train_based_on_the_big_5_79990326.md -> added ['operation-immortal-agent']
2026-05-18 10:19:32,646 [INFO] UPDATED: 2026-02-24_What_if_I_used_moon_pay_new_cli_tool_to_trade_something_more_43140701.md -> added ['operation-immortal-agent']
2026-05-18 10:19:32,653 [INFO] UPDATED: 2026-02-24_What_would_be_the_best_approach_for_automation_with_this_pro_74518467.md -> added ['operation-immortal-agent']
2026-05-18 10:19:32,664 [INFO] UPDATED: 2026-02-24_When_I_say_phantom_mcp_Im_talking_about_the_ability_to_let_a_23316295.md -> added ['operation-immortal-agent']
2026-05-18 10:19:32,672 [INFO] UPDATED: 2026-02-24_You_just_said_a_7_return_would_cover_the_sub_41125223.md -> added ['operation-immortal-agent']
2026-05-18 10:19:32,680 [INFO] UPDATED: 2026-02-25_i_was_trying_to_send_some_game_clips_over_to_my_phone_via_lo_18739525.md -> added ['streaming-rig']
2026-05-18 10:19:32,698 [INFO] UPDATED: 2026-02-26_Got_it_I_can_see_it_now_Heres_my_full_review_Overall_Assessm_91873356.md -> added ['operation-immortal-agent']
2026-05-18 10:19:32,711 [INFO] UPDATED: 2026-02-26_Heres_the_full_result_Stage_A_PASS_Quote_001_SOL_000791834_J_54201997.md -> added ['operation-immortal-agent']
2026-05-18 10:19:32,729 [INFO] UPDATED: 2026-02-26_Stage_A_is_a_clean_pass_Stage_B_hit_an_auth_blocker_but_the__85210620.md -> added ['operation-immortal-agent']
2026-05-18 10:19:32,751 [INFO] UPDATED: 2026-02-26_Test_1_is_done_Heres_what_it_found_Test_1_Result_PARTIAL_PAS_68826303.md -> added ['operation-immortal-agent']
2026-05-18 10:19:32,762 [INFO] UPDATED: 2026-02-26_Updateaudittest_2_handts_Tool_use_rejected_with_user_message_63028670.md -> added ['operation-immortal-agent']
2026-05-18 10:19:32,798 [INFO] UPDATED: 2026-02-26_and_this_answers_what_claude_was_asking_here_it_is_again_Got_53872714.md -> added ['operation-immortal-agent']
2026-05-18 10:19:32,809 [INFO] UPDATED: 2026-02-26_can_you_write_this_in_a_simple_prompt_so_i_can_catch_claude__28363543.md -> added ['operation-immortal-agent']
2026-05-18 10:19:32,817 [INFO] UPDATED: 2026-02-26_claude_version_2159_Claude_Code_vc_projectsimmortal_agent_31442959.md -> added ['operation-immortal-agent']
2026-05-18 10:19:32,828 [INFO] UPDATED: 2026-02-26_create_a_concisethorough_breakdown_of_the_phantom_mcp_projec_32281800.md -> added ['operation-immortal-agent']
2026-05-18 10:19:32,841 [INFO] UPDATED: 2026-02-26_does_the_email_for_phantom_have_to_be_the_same_as_the_one_fo_14860651.md -> added ['operation-immortal-agent']
2026-05-18 10:19:32,848 [INFO] UPDATED: 2026-02-26_echo_export_PATHHOMEnpm_globalbinPATH_zshrc_source_zshrc_usr_19218823.md -> added ['operation-immortal-agent']
2026-05-18 10:19:32,858 [INFO] UPDATED: 2026-02-26_fish_add_path_npm_globalbin_Skipping_non_existent_path_homet_37190461.md -> added ['operation-immortal-agent']
2026-05-18 10:19:32,871 [INFO] UPDATED: 2026-02-26_had_claude_code_review_our_plan_which_is_this_and_then_ill_t_42578141.md -> added ['operation-immortal-agent']
2026-05-18 10:19:32,889 [INFO] UPDATED: 2026-02-26_heres_the_old_plan_revise_it_with_these_things_so_that_this__97352327.md -> added ['operation-immortal-agent']
2026-05-18 10:19:32,911 [INFO] UPDATED: 2026-02-26_i_made_it_with_a_recovery_phrase_and_all_that_directly_throu_72296522.md -> added ['operation-immortal-agent']
2026-05-18 10:19:32,920 [INFO] UPDATED: 2026-02-26_i_need_to_adjust_the_planmd_at_the_very_least_before_we_do_t_36737005.md -> added ['operation-immortal-agent']
2026-05-18 10:19:32,930 [INFO] UPDATED: 2026-02-26_im_referring_to_the_project_in_the_bot_building_for_crypto_p_73419881.md -> added ['operation-immortal-agent']
2026-05-18 10:19:32,941 [INFO] UPDATED: 2026-02-26_im_using_cachyos_if_that_helps_but_im_doing_this_all_through_27800782.md -> added ['operation-immortal-agent']
2026-05-18 10:19:32,949 [INFO] UPDATED: 2026-02-26_ls_la_phantom_mcpsessionjson_rw_474_toastedmel0n_26_Feb_1119_10473396.md -> added ['operation-immortal-agent']
2026-05-18 10:19:32,963 [INFO] UPDATED: 2026-02-26_no_just_tell_me_what_i_need_to_do_from_here_in_claude_code_p_85395709.md -> added ['operation-immortal-agent']
2026-05-18 10:19:32,973 [INFO] UPDATED: 2026-02-26_npm_install_meteora_agdlmm_coral_xyzanchor_solanaweb3js_adde_86235037.md -> added ['operation-immortal-agent']
2026-05-18 10:19:32,981 [INFO] UPDATED: 2026-02-26_okay_so_i_made_a_new_wallet_via_email_this_time_now_what_66010247.md -> added ['operation-immortal-agent']
2026-05-18 10:19:32,997 [INFO] UPDATED: 2026-02-26_ran_the_npm_command_and_got_this_vc_projectsimmortal_agent_n_55206569.md -> added ['operation-immortal-agent']
2026-05-18 10:19:33,010 [INFO] UPDATED: 2026-02-26_so_after_these_three_what_do_i_need_to_do_vc_projectsimmorta_12687066.md -> added ['operation-immortal-agent']
2026-05-18 10:19:33,028 [INFO] UPDATED: 2026-02-26_the_main_point_of_this_project_is_for_it_to_be_self_sustaini_18865064.md -> added ['operation-immortal-agent']
2026-05-18 10:19:33,061 [INFO] UPDATED: 2026-02-26_this_is_what_i_got_from_that_Good_I_now_have_enough_real_dat_38357867.md -> added ['operation-immortal-agent']
2026-05-18 10:19:33,074 [INFO] UPDATED: 2026-02-26_this_what_claude_said_What_idkmd_Directly_Resolves_My_Gap_Re_79611462.md -> added ['operation-immortal-agent']
2026-05-18 10:19:33,086 [INFO] UPDATED: 2026-02-26_this_what_we_got_Heres_what_was_built_and_why_each_decision__64531152.md -> added ['operation-immortal-agent']
2026-05-18 10:19:33,094 [INFO] UPDATED: 2026-02-26_vc_projectsimmortal_agent_mkdir_p_npm_globalbin_vc_projectsi_45799980.md -> added ['operation-immortal-agent']
2026-05-18 10:19:33,104 [INFO] UPDATED: 2026-02-26_we_still_never_ran_the_sniper_test_either_27348027.md -> added ['streaming-rig']
2026-05-18 10:19:33,119 [INFO] UPDATED: 2026-02-26_yes_take_what_claude_said_answer_honestly_and_ensure_that_it_73925249.md -> added ['operation-immortal-agent']
2026-05-18 10:19:33,193 [INFO] UPDATED: 2026-02-27_git_push_u_origin_main_remote_Repository_not_found_fatal_rep_53475167.md -> added ['operation-immortal-agent']
2026-05-18 10:19:33,240 [INFO] UPDATED: 2026-02-27_i_want_to_add_i_still_havent_made_my_github_for_this_project_66990354.md -> added ['operation-immortal-agent']
2026-05-18 10:19:33,248 [INFO] UPDATED: 2026-02-27_im_just_trying_to_use_it_as_a_backup_for_when_claude_code_ru_26508742.md -> added ['operation-immortal-agent']
2026-05-18 10:19:33,262 [INFO] UPDATED: 2026-02-27_indexts_zero_errors_The_only_remaining_item_is_a_Hint_not_an_89932226.md -> added ['operation-immortal-agent']
2026-05-18 10:19:33,275 [INFO] UPDATED: 2026-02-27_just_let_claude_code_look_over_the_most_recent_changes_and_h_24031157.md -> added ['operation-immortal-agent']
2026-05-18 10:19:33,288 [INFO] UPDATED: 2026-02-27_npm_install_g_googlegemini_cli_npm_warn_deprecated_node_dome_84944399.md -> added ['operation-immortal-agent']
2026-05-18 10:19:33,303 [INFO] UPDATED: 2026-02-27_so_how_would_i_describe_all_of_that_to_claude_to_make_these__36766849.md -> added ['operation-immortal-agent']
2026-05-18 10:19:33,328 [INFO] UPDATED: 2026-02-28_for_example_this_is_what_i_see_when_i_type_history_clear_202_36601042.md -> added ['operation-immortal-agent', 'streaming-rig']
2026-05-18 10:19:33,337 [INFO] UPDATED: 2026-02-28_gh_auth_login_fish_Unknown_command_gh_vc_projectsimmortal_ag_90940364.md -> added ['operation-immortal-agent']
2026-05-18 10:19:33,345 [INFO] UPDATED: 2026-02-28_git_checkout_orphan_latest_branch_M_srcenginemeteorats_M_src_17175606.md -> added ['operation-immortal-agent']
2026-05-18 10:19:33,359 [INFO] UPDATED: 2026-02-28_git_checkout_orphan_latest_branch_Switched_to_a_new_branch_l_73771891.md -> added ['operation-immortal-agent']
2026-05-18 10:19:33,368 [INFO] UPDATED: 2026-02-28_git_commit_amend_no_edit_main_3f906a9_Initial_commit_Project_89609619.md -> added ['operation-immortal-agent']
2026-05-18 10:19:33,376 [INFO] UPDATED: 2026-02-28_git_ls_files_gitignore_Dockerfile_flytoml_package_lockjson_p_36676989.md -> added ['operation-immortal-agent']
2026-05-18 10:19:33,386 [INFO] UPDATED: 2026-02-28_git_remote_set_url_origin_httpsTOKENgithubcomtoastedmel0nsel_11103823.md -> added ['operation-immortal-agent']
2026-05-18 10:19:33,404 [INFO] UPDATED: 2026-02-28_i_dont_see_a_env_file_in_my_repo_this_all_i_see_31735688.md -> added ['operation-immortal-agent']
2026-05-18 10:19:33,415 [INFO] UPDATED: 2026-02-28_i_finally_got_the_mcp_logic_working_and_i_changed_where_the__33509214.md -> added ['operation-immortal-agent']
2026-05-18 10:19:33,427 [INFO] UPDATED: 2026-02-28_i_forgot_i_wanted_to_delete_the_phantom_test_script_and_i_ac_13230917.md -> added ['operation-immortal-agent']
2026-05-18 10:19:33,437 [INFO] UPDATED: 2026-02-28_is_a_claudemd_file_important_58223317.md -> added ['operation-immortal-agent']
2026-05-18 10:19:33,448 [INFO] UPDATED: 2026-02-28_one_other_thing_i_wanted_to_add_my_dev_logmd_to_the_gitignor_37320560.md -> added ['operation-immortal-agent']
2026-05-18 10:19:33,461 [INFO] UPDATED: 2026-02-28_so_for_future_things_that_i_add_how_would_i_commit_and_add_t_66442970.md -> added ['operation-immortal-agent']
2026-05-18 10:19:33,481 [INFO] UPDATED: 2026-02-28_so_starting_from_where_we_are_what_do_i_have_to_do_to_get_th_60259473.md -> added ['operation-immortal-agent']
2026-05-18 10:19:33,493 [INFO] UPDATED: 2026-02-28_vc_projectsimmortal_agent_main_git_add_vc_projectsimmortal_a_43149159.md -> added ['operation-immortal-agent']
2026-05-18 10:19:33,501 [INFO] UPDATED: 2026-02-28_vc_projectsimmortal_agent_main_git_remote_set_url_origin_htt_25030000.md -> added ['operation-immortal-agent']
2026-05-18 10:19:33,510 [INFO] UPDATED: 2026-02-28_when_i_press_the_up_arrow_now_i_see_things_like_set_o_verbos_71115477.md -> added ['operation-immortal-agent']
2026-05-18 10:19:33,525 [INFO] UPDATED: 2026-02-28_when_i_typed_history_clear_it_just_gave_me_a_list_of_all_my__61976683.md -> added ['operation-immortal-agent']
2026-05-18 10:19:33,547 [INFO] UPDATED: 2026-03-02_git_checkout_orphan_latest_branch_fatal_a_branch_named_lates_88506186.md -> added ['operation-immortal-agent']
2026-05-18 10:19:33,558 [INFO] UPDATED: 2026-03-02_had_gemini_cli_break_down_my_planmd_for_the_project_im_build_87147074.md -> added ['operation-immortal-agent']
2026-05-18 10:19:33,576 [INFO] UPDATED: 2026-03-02_how_do_i_install_ollama_on_cachyos_if_possible_i_would_like__33720490.md -> added ['homelab-stack']
2026-05-18 10:19:33,587 [INFO] UPDATED: 2026-03-02_i_just_want_this_change_to_be_included_in_the_intial_commit__67290710.md -> added ['operation-immortal-agent']
2026-05-18 10:19:33,602 [INFO] UPDATED: 2026-03-02_i_was_more_so_showing_you_that_so_i_could_see_how_to_go_abou_25808091.md -> added ['operation-immortal-agent']
2026-05-18 10:19:33,617 [INFO] UPDATED: 2026-03-02_im_trying_to_get_my_money_off_the_axiom_pro_platform_and_i_c_50390897.md -> added ['operation-immortal-agent']
2026-05-18 10:19:33,627 [INFO] UPDATED: 2026-03-02_is_running_ollama_in_a_docker_container_really_necessary_do__80959242.md -> added ['homelab-stack']
2026-05-18 10:19:33,636 [INFO] UPDATED: 2026-03-02_no_can_you_just_rewrite_my_planmd_to_include_these_things_so_70293963.md -> added ['operation-immortal-agent']
2026-05-18 10:19:33,651 [INFO] UPDATED: 2026-03-02_ollama_ps_NAME_ID_SIZE_PROCESSOR_CONTEXT_UNTIL_llama323b_a80_79405279.md -> added ['homelab-stack']
2026-05-18 10:19:33,666 [INFO] UPDATED: 2026-03-02_the_plan_keeps_showing_up_even_though_its_in_my_gitignore_60779401.md -> added ['operation-immortal-agent']
2026-05-18 10:19:33,675 [INFO] UPDATED: 2026-03-02_vc_projectsimmortal_agent_temporary_baseline_git_checkout_ma_93979913.md -> added ['operation-immortal-agent']
2026-05-18 10:19:33,747 [INFO] UPDATED: 2026-03-06_what_does_this_mean_All_done_Heres_a_summary_Jupiter_API_Mig_62947795.md -> added ['operation-immortal-agent']
2026-05-18 10:19:33,765 [INFO] UPDATED: 2026-03-07_Give_me_in_simple_terms_a_good_rule_of_thumb_to_play_by_when_50873143.md -> added ['operation-immortal-agent']
2026-05-18 10:19:33,788 [INFO] UPDATED: 2026-03-07_If_I_have_decent_specs_but_only_a_sata_hdd_would_the_load_ti_42280405.md -> added ['streaming-rig']
2026-05-18 10:19:33,802 [INFO] UPDATED: 2026-03-07_Other_thing_I_should_mention_is_that_I_want_to_be_able_to_pl_51655904.md -> added ['streaming-rig']
2026-05-18 10:19:33,827 [INFO] UPDATED: 2026-03-07_What_is_the_general_rule_of_thumb_when_placing_a_stop_loss_a_49731586.md -> added ['operation-immortal-agent']
2026-05-18 10:19:33,835 [INFO] UPDATED: 2026-03-09_Status_active_To_Action_From_53317tcp_ALLOW_Anywhere_53317ud_66019271.md -> added ['streaming-rig']
2026-05-18 10:19:33,848 [INFO] UPDATED: 2026-03-09_and_how_does_this_fix_my_issue_it_works_but_i_want_to_know_w_77035326.md -> added ['streaming-rig']
2026-05-18 10:19:33,856 [INFO] UPDATED: 2026-03-09_and_this_will_work_with_my_key_bind_i_have_set_up_in_obs_for_77195052.md -> added ['streaming-rig']
2026-05-18 10:19:33,863 [INFO] UPDATED: 2026-03-09_can_you_change_the_switch_desktops_keybinds_in_kde_55715531.md -> added ['operation-immortal-agent']
2026-05-18 10:19:33,872 [INFO] UPDATED: 2026-03-09_error_unexpected_argument_p_found_Usage_obs_cmd_OPTIONS_COMM_32181056.md -> added ['streaming-rig']
2026-05-18 10:19:33,879 [INFO] UPDATED: 2026-03-09_error_unexpected_argument_password_found_Usage_obs_cmd_OPTIO_74951804.md -> added ['operation-immortal-agent', 'streaming-rig']
2026-05-18 10:19:33,889 [INFO] UPDATED: 2026-03-09_how_do_i_install_the_nexus_mods_app_in_cachyos_77596009.md -> added ['streaming-rig']
2026-05-18 10:19:33,898 [INFO] UPDATED: 2026-03-09_i_had_to_close_obs_and_open_it_again_because_it_said_somethi_72275508.md -> added ['streaming-rig']
2026-05-18 10:19:33,906 [INFO] UPDATED: 2026-03-09_i_have_the_legacy_x11_app_support_set_to_always_allowed_do_i_72367606.md -> added ['streaming-rig']
2026-05-18 10:19:33,917 [INFO] UPDATED: 2026-03-09_if_i_do_it_the_obs_cmd_way_do_i_still_need_legacy_support_on_74637251.md -> added ['streaming-rig']
2026-05-18 10:19:33,927 [INFO] UPDATED: 2026-03-09_im_on_cachyos_and_whenever_i_press_my_hotkey_for_clips_via_r_60255545.md -> added ['streaming-rig']
2026-05-18 10:19:33,941 [INFO] UPDATED: 2026-03-09_it_just_says_that_obs_studio_wants_to_register_the_following_70124115.md -> added ['streaming-rig']
2026-05-18 10:19:33,948 [INFO] UPDATED: 2026-03-09_it_still_wont_work_42707860.md -> added ['streaming-rig']
2026-05-18 10:19:33,964 [INFO] UPDATED: 2026-03-09_lets_uninstall_the_obs_cmd_stuff_first_and_get_my_firewall_b_73566181.md -> added ['operation-immortal-agent', 'streaming-rig']
2026-05-18 10:19:33,980 [INFO] UPDATED: 2026-03-09_obs_cmd_replay_save_Connection_attempt_1_failed_retrying_in__25024856.md -> added ['operation-immortal-agent', 'streaming-rig']
2026-05-18 10:19:33,993 [INFO] UPDATED: 2026-03-09_paru_S_obs_cmd_bin_Resolving_dependencies_error_could_not_fi_32764258.md -> added ['streaming-rig']
2026-05-18 10:19:34,005 [INFO] UPDATED: 2026-03-09_so_seeing_as_that_didnt_work_what_is_the_best_solution_to_th_70088532.md -> added ['streaming-rig']
2026-05-18 10:19:34,015 [INFO] UPDATED: 2026-03-09_ss_tulpn_grep_4455_tcp_LISTEN_0_4096_4455_usersobspid35083fd_62703739.md -> added ['operation-immortal-agent', 'streaming-rig']
2026-05-18 10:19:34,028 [INFO] UPDATED: 2026-03-09_sudo_pacman_S_obs_cmd_sudo_password_for_toastedmel0n_error_t_39295868.md -> added ['streaming-rig']
2026-05-18 10:19:34,038 [INFO] UPDATED: 2026-03-09_sudo_ufw_allow_4455tcp_Rule_added_Rule_added_v6_obs_cmd_repl_65110489.md -> added ['streaming-rig']
2026-05-18 10:19:34,049 [INFO] UPDATED: 2026-03-09_the_password_is_the_one_in_show_connect_info_under_server_pa_12865399.md -> added ['streaming-rig']
2026-05-18 10:19:34,061 [INFO] UPDATED: 2026-03-09_there_is_no_global_shortcuts_in_the_middle_pane_81532508.md -> added ['streaming-rig']
2026-05-18 10:19:34,114 [INFO] UPDATED: 2026-03-10_How_do_I_setup_moonlightsunshine_on_my_pcsteam_deck_so_I_can_56559158.md -> added ['streaming-rig']
2026-05-18 10:19:34,164 [INFO] UPDATED: 2026-03-10_am_i_able_to_connect_from_anywhere_as_long_as_my_pc_is_on_38922961.md -> added ['streaming-rig']
2026-05-18 10:19:34,264 [INFO] UPDATED: 2026-03-10_kwriteconfig6_file_kwinrc_group_ModifierOnlyShortcuts_key_Me_74356023.md -> added ['operation-immortal-agent']
2026-05-18 10:19:34,283 [INFO] UPDATED: 2026-03-10_okay_so_for_example_i_have_4_games_within_lutris_and_in_orde_81856133.md -> added ['streaming-rig']
2026-05-18 10:19:34,318 [INFO] UPDATED: 2026-03-10_so_from_the_start_what_do_i_need_to_do_on_my_pc_to_get_this__52155038.md -> added ['streaming-rig']
2026-05-18 10:19:34,352 [INFO] UPDATED: 2026-03-10_what_should_my_bitrate_be_with_8617m_down_and_342m_up_37386687.md -> added ['streaming-rig']
2026-05-18 10:19:34,365 [INFO] UPDATED: 2026-03-10_yeah_i_just_want_my_individual_games_on_moonlight_rather_tha_68009029.md -> added ['streaming-rig']
2026-05-18 10:19:34,376 [INFO] UPDATED: 2026-03-11_I_dont_need_any_cloudflare_thing_on_top_39956244.md -> added ['streaming-rig']
2026-05-18 10:19:34,395 [INFO] UPDATED: 2026-03-11_Is_there_any_other_tool_required_for_security_purposes_46772780.md -> added ['streaming-rig']
2026-05-18 10:19:34,408 [INFO] UPDATED: 2026-03-11_So_would_tailscale_allow_me_to_play_those_games_even_if_my_s_64452745.md -> added ['streaming-rig']
2026-05-18 10:19:34,450 [INFO] UPDATED: 2026-03-12_claude_Alright_Geminis_got_me_there_the_ArchCachyOS_specific_52755798.md -> added ['operation-immortal-agent']
2026-05-18 10:19:34,460 [INFO] UPDATED: 2026-03-12_claude_okay_so_for_top_skills_i_have_prompt_engineering_offl_55437440.md -> added ['homelab-stack', 'streaming-rig']
2026-05-18 10:19:34,481 [INFO] UPDATED: 2026-03-12_claude_what_about_that_web3_angle_i_really_think_that_makes__69171105.md -> added ['operation-immortal-agent', 'private-ai-consulting']
2026-05-18 10:19:34,491 [INFO] UPDATED: 2026-03-12_gave_it_to_claude_and_he_said_Geminis_not_wrong_on_the_core__62662286.md -> added ['it-certification']
2026-05-18 10:19:34,502 [INFO] UPDATED: 2026-03-12_how_does_this_sound_for_my_about_Operations_professional_wit_72693950.md -> added ['homelab-stack', 'operation-immortal-agent']
2026-05-18 10:19:34,531 [INFO] UPDATED: 2026-03-12_looking_to_revamp_my_linkedin_a_little_starting_with_job_tit_52760473.md -> added ['operation-immortal-agent']
2026-05-18 10:19:34,539 [INFO] UPDATED: 2026-03-12_no_lets_move_onto_the_next_job_and_those_bullet_points_this__63650943.md -> added ['operation-immortal-agent']
2026-05-18 10:19:34,550 [INFO] UPDATED: 2026-03-12_settled_on_IT_Operations_Linux_ArchCachyOS_Win_Mac_AI_Automa_66688939.md -> added ['operation-immortal-agent']
2026-05-18 10:19:34,834 [INFO] UPDATED: 2026-03-15_im_on_cachyos_so_i_dont_have_powershell_but_when_i_try_to_do_19134351.md -> added ['homelab-stack']
2026-05-18 10:19:34,989 [INFO] UPDATED: 2026-03-16_8s_sudo_chattr_i_sysfirmwareefiefivarsPK_8be4df61_93ca_11d2__75278351.md -> added ['homelab-stack']
2026-05-18 10:19:35,001 [INFO] UPDATED: 2026-03-16_After_I_restarted_tho_now_it_works_I_think_Im_good_58544940.md -> added ['operation-immortal-agent']
2026-05-18 10:19:35,046 [INFO] Progress: 2500/3401 files processed...
2026-05-18 10:19:35,091 [INFO] UPDATED: 2026-03-16_sudo_sbctl_enroll_keys_m_f_bootvmlinuz_linux_cachyos_sudo_sb_89954386.md -> added ['homelab-stack']
2026-05-18 10:19:42,028 [INFO] UPDATED: 2026-03-19_How_do_I_set_up_Claude_code_with_an_open_source_model_These__78416138.md -> added ['operation-immortal-agent']
2026-05-18 10:19:42,048 [INFO] UPDATED: 2026-03-19_So_the_current_model_Im_using_is_the_most_efficient_given_my_58289048.md -> added ['operation-immortal-agent']
2026-05-18 10:19:42,065 [INFO] UPDATED: 2026-03-19_This_is_what_Claude_had_to_say_about_it_Good_CachyOS_is_the__27213839.md -> added ['operation-immortal-agent']
2026-05-18 10:19:42,085 [INFO] UPDATED: 2026-03-19_curl_fsSL_httpsollamacominstallsh_sh_ollama_pull_qwen3_coder_68483956.md -> added ['operation-immortal-agent']
2026-05-18 10:19:42,099 [INFO] UPDATED: 2026-03-19_how_do_i_remove_a_model_from_ollama_59023498.md -> added ['operation-immortal-agent']
2026-05-18 10:19:34,885 [INFO] UPDATED: 2026-03-20_Give_me_a_full_breakdown_of_that_model_76356689.md -> added ['operation-immortal-agent']
2026-05-18 10:19:34,909 [INFO] UPDATED: 2026-03-20_Is_this_the_best_my_hardware_can_run_for_Claude_code_alterna_81558159.md -> added ['operation-immortal-agent']
2026-05-18 10:19:34,921 [INFO] UPDATED: 2026-03-20_Specifically_Im_trying_to_use_it_when_my_Claude_code_sub_run_48499011.md -> added ['operation-immortal-agent']
2026-05-18 10:19:34,931 [INFO] UPDATED: 2026-03-20_Were_on_Sonnet_46_now_lol_83603061.md -> added ['operation-immortal-agent']
2026-05-18 10:19:34,942 [INFO] UPDATED: 2026-03-20_What_can_you_tell_me_about_glm_47_flash_What_is_it_known_for_76278781.md -> added ['operation-immortal-agent']
2026-05-18 10:19:34,951 [INFO] UPDATED: 2026-03-20_When_I_tried_qwen_35_coder_it_ran_super_slow_like_almost_unu_60292933.md -> added ['operation-immortal-agent']
2026-05-18 10:19:34,973 [INFO] UPDATED: 2026-03-21_Honestly_its_getting_to_that_point_Im_thinking_full_sending__35452488.md -> added ['operation-immortal-agent']
2026-05-18 10:19:35,043 [INFO] UPDATED: 2026-03-21_Originally_had_my_rgb_working_using_openrgb_on_cachyos_but_o_69416125.md -> added ['operation-immortal-agent']
2026-05-18 10:19:35,066 [INFO] UPDATED: 2026-03-21_So_from_the_beginning_what_issue_am_I_describing_and_how_do__57063624.md -> added ['streaming-rig']
2026-05-18 10:19:35,077 [INFO] UPDATED: 2026-03-21_So_overall_whats_wrong_91372717.md -> added ['streaming-rig']
2026-05-18 10:19:35,090 [INFO] UPDATED: 2026-03-21_So_with_this_in_mind_what_are_the_full_instructions_on_how_t_47629756.md -> added ['streaming-rig']
2026-05-18 10:19:35,125 [INFO] UPDATED: 2026-03-21_What_about_minimax_m27_Is_that_good_for_my_hardware_21936075.md -> added ['operation-immortal-agent']
2026-05-18 10:19:35,133 [INFO] UPDATED: 2026-03-21_What_is_the_best_way_to_resolve_this_issue_71022916.md -> added ['streaming-rig']
2026-05-18 10:19:35,154 [INFO] UPDATED: 2026-03-21_Why_does_discord_screen_sharing_flicker_when_using_cachyos_a_15106596.md -> added ['streaming-rig']
2026-05-18 10:19:35,182 [INFO] UPDATED: 2026-03-21_cat_sysmodulenvidia_drmparametersmodeset_cat_sysmodulenvidia_34167396.md -> added ['streaming-rig']
2026-05-18 10:19:35,192 [INFO] UPDATED: 2026-03-21_how_do_i_turn_off_adaptive_sync_61381898.md -> added ['streaming-rig']
2026-05-18 10:19:35,211 [INFO] UPDATED: 2026-03-21_kscreen_doctor_o_Output_1_DP_1_f9b34486_810b_4802_9f59_fd5f6_10157273.md -> added ['streaming-rig']
2026-05-18 10:19:35,220 [INFO] UPDATED: 2026-03-21_ls_R_bootEFI_bootEFI_Permission_denied_os_error_13_11244128.md -> added ['operation-immortal-agent']
2026-05-18 10:19:35,232 [INFO] UPDATED: 2026-03-21_so_i_have_focus_stealing_prevention_and_accept_focus_79155338.md -> added ['streaming-rig']
2026-05-18 10:19:35,243 [INFO] UPDATED: 2026-03-21_so_when_i_launch_vesktop_next_time_im_good_87829625.md -> added ['streaming-rig']
2026-05-18 10:19:35,252 [INFO] UPDATED: 2026-03-21_sudo_cat_sysmodulenvidia_drmparametersmodeset_sudo_password__11861581.md -> added ['streaming-rig']
2026-05-18 10:19:35,319 [INFO] UPDATED: 2026-03-21_these_two_are_not_there_Lowered_priority_Set_to_Force_No_All_67906007.md -> added ['streaming-rig']
2026-05-18 10:19:35,328 [INFO] UPDATED: 2026-03-21_xlsclients_fish_Unknown_command_xlsclients_22664545.md -> added ['streaming-rig']
2026-05-18 10:19:35,445 [INFO] UPDATED: 2026-03-24_How_do_I_go_about_a_cloud_instance_of_open_claw_like_he_sugg_71149783.md -> added ['operation-immortal-agent']
2026-05-18 10:19:35,470 [INFO] UPDATED: 2026-03-24_I_was_to_remind_you_Im_on_tiny11_now_33572299.md -> added ['operation-immortal-agent']
2026-05-18 10:19:35,490 [INFO] UPDATED: 2026-03-24_Is_it_possible_to_use_it_with_open_source_models_55872432.md -> added ['operation-immortal-agent']
2026-05-18 10:19:35,505 [INFO] UPDATED: 2026-03-24_Is_the_Ubuntu_server_free_if_I_do_it_that_way_or_what_is_the_77679635.md -> added ['homelab-stack']
2026-05-18 10:19:35,518 [INFO] UPDATED: 2026-03-24_This_isnt_for_my_immortal_agent_project_this_is_just_simply__36567605.md -> added ['homelab-stack', 'operation-immortal-agent']
2026-05-18 10:19:35,585 [INFO] UPDATED: 2026-04-05_6klabs_alternatives_for_now_playing_music_in_obs_66925973.md -> added ['streaming-rig']
2026-05-18 10:19:35,644 [INFO] UPDATED: 2026-04-05_I_already_had_the_repo_on_my_record_from_when_my_girls_car_g_33818282.md -> added ['it-certification']
2026-05-18 10:19:35,662 [INFO] UPDATED: 2026-04-05_I_dont_have_another_car_tho_thats_the_thing_26456090.md -> added ['homelab-stack', 'it-certification', 'operation-immortal-agent']
2026-05-18 10:19:35,677 [INFO] UPDATED: 2026-04-05_I_will_only_get_Toyota_or_Honda_I_dont_want_anything_else_I__48456318.md -> added ['it-certification', 'operation-immortal-agent']
2026-05-18 10:19:35,708 [INFO] UPDATED: 2026-04-05_Im_no_longer_in_warehouse_I_make_11hr_40824819.md -> added ['it-certification']
2026-05-18 10:19:35,729 [INFO] UPDATED: 2026-04-05_Its_the_cash_for_replacement_I_have_no_capital_to_work_with__52435726.md -> added ['operation-immortal-agent']
2026-05-18 10:19:35,758 [INFO] UPDATED: 2026-04-05_Okay_so_lets_figure_out_what_that_can_be_I_like_what_he_was__51580944.md -> added ['operation-immortal-agent']
2026-05-18 10:19:35,795 [INFO] UPDATED: 2026-04-05_i_used_to_use_restream_for_twitter_and_i_used_to_use_obs_for_53308683.md -> added ['streaming-rig']
2026-05-18 10:19:35,806 [INFO] UPDATED: 2026-04-05_ive_streamed_more_than_7_days_on_tiktok_a_while_ago_96221773.md -> added ['streaming-rig']
2026-05-18 10:19:35,817 [INFO] UPDATED: 2026-04-05_jamlog_isnt_working_like_it_shows_the_widget_but_no_data_is__43902774.md -> added ['streaming-rig']
2026-05-18 10:19:35,825 [INFO] UPDATED: 2026-04-05_like_456_followers_12984426.md -> added ['streaming-rig']
2026-05-18 10:19:35,836 [INFO] UPDATED: 2026-04-05_looking_to_get_back_into_multistreaming_again_platforms_of_c_81403187.md -> added ['streaming-rig']
2026-05-18 10:19:35,852 [INFO] UPDATED: 2026-04-05_so_to_get_this_rolling_what_all_do_i_need_to_do_to_succesful_79756275.md -> added ['streaming-rig']
2026-05-18 10:19:35,864 [INFO] UPDATED: 2026-04-05_using_lastfm_for_scrobbling_is_too_slow_it_takes_maybe_a_who_30077788.md -> added ['streaming-rig']
2026-05-18 10:19:35,874 [INFO] UPDATED: 2026-04-05_what_about_my_mic_settings_in_obs_will_those_transfer_for_ti_73465157.md -> added ['streaming-rig']
2026-05-18 10:19:35,885 [INFO] UPDATED: 2026-04-05_what_if_i_dont_have_the_tiktok_stream_key_87851273.md -> added ['streaming-rig']
2026-05-18 10:19:35,894 [INFO] UPDATED: 2026-04-06_Could_I_use_it_to_have_all_my_Gemini_and_Claude_conversation_71096207.md -> added ['homelab-stack', 'operation-immortal-agent', 'second-brain-vault']
2026-05-18 10:19:35,901 [INFO] UPDATED: 2026-04-06_I_dont_see_obs_windowed_projector_24980569.md -> added ['streaming-rig']
2026-05-18 10:19:35,908 [INFO] UPDATED: 2026-04-06_I_was_denied_a_streamer_key_for_TikTok_so_I_have_to_use_rest_83116814.md -> added ['homelab-stack', 'streaming-rig']
2026-05-18 10:19:35,915 [INFO] UPDATED: 2026-04-06_Lets_try_the_windows_gpu_scheduling_thing_first_22960628.md -> added ['streaming-rig']
2026-05-18 10:19:35,923 [INFO] UPDATED: 2026-04-06_Okay_it_worked_but_its_making_it_be_the_horizontal_one_not_m_69858572.md -> added ['streaming-rig']
2026-05-18 10:19:35,931 [INFO] UPDATED: 2026-04-06_So_using_the_virtual_vertical_camera_to_stream_my_obs_vertic_22611098.md -> added ['homelab-stack', 'streaming-rig']
2026-05-18 10:19:35,940 [INFO] UPDATED: 2026-04-06_This_is_all_I_see_when_I_right_click_the_scene_30968830.md -> added ['streaming-rig']
2026-05-18 10:19:35,947 [INFO] UPDATED: 2026-04-06_TikTok_live_studio_doesnt_have_a_ndi_option_16468328.md -> added ['homelab-stack', 'streaming-rig']
2026-05-18 10:19:35,959 [INFO] UPDATED: 2026-04-06_What_is_obsidian_and_is_it_actually_useful_Im_talking_about__41442539.md -> added ['homelab-stack', 'second-brain-vault']
2026-05-18 10:19:35,973 [INFO] UPDATED: 2026-04-06_What_is_prism_live_studio_30807516.md -> added ['streaming-rig']
2026-05-18 10:19:35,988 [INFO] UPDATED: 2026-04-06_What_would_be_the_most_efficient_way_to_resolve_this_issue_51158609.md -> added ['homelab-stack', 'streaming-rig']
2026-05-18 10:19:36,017 [INFO] UPDATED: 2026-04-06_When_I_choose_a_camera_source_I_do_see_ndi_webcam_as_an_opti_89205469.md -> added ['streaming-rig']
2026-05-18 10:19:36,032 [INFO] UPDATED: 2026-04-06_When_I_tried_it_it_says_not_approved_or_revoked_now_on_restr_54580126.md -> added ['homelab-stack', 'streaming-rig']
2026-05-18 10:19:36,054 [INFO] UPDATED: 2026-04-06_Would_obsidian_be_considered_a_rag_system_of_sorts_82820558.md -> added ['homelab-stack', 'operation-immortal-agent', 'private-ai-consulting', 'second-brain-vault']
2026-05-18 10:19:36,073 [INFO] UPDATED: 2026-04-06_Yeah_the_lag_is_still_there_even_with_ndi_13954887.md -> added ['homelab-stack', 'streaming-rig']
2026-05-18 10:19:36,088 [INFO] UPDATED: 2026-04-06_all_i_want_is_for_my_obs_audio_to_be_picked_up_by_tiktok_liv_21521639.md -> added ['homelab-stack', 'streaming-rig']
2026-05-18 10:19:36,101 [INFO] UPDATED: 2026-04-06_but_wait_i_came_across_this_httpsgithubcomDistroAVDistroAVdi_17362180.md -> added ['streaming-rig']
2026-05-18 10:19:36,111 [INFO] UPDATED: 2026-04-06_damn_yeah_i_guess_i_need_that_cable_setup_its_just_mad_confu_95100222.md -> added ['homelab-stack', 'streaming-rig']
2026-05-18 10:19:36,122 [INFO] UPDATED: 2026-04-06_going_about_this_all_wrong_i_just_need_my_obs_mic_audio_with_51928195.md -> added ['homelab-stack', 'operation-immortal-agent', 'streaming-rig']
2026-05-18 10:19:36,133 [INFO] UPDATED: 2026-04-06_help_me_properly_route_my_pc_audio_so_that_i_can_multi_strea_34099870.md -> added ['homelab-stack', 'it-certification', 'operation-immortal-agent', 'streaming-rig']
2026-05-18 10:19:36,144 [INFO] UPDATED: 2026-04-06_how_do_i_get_a_blurred_effect_when_vertically_streaming_on_t_70643665.md -> added ['homelab-stack', 'streaming-rig']
2026-05-18 10:19:36,152 [INFO] UPDATED: 2026-04-06_how_do_i_route_my_brave_browser_to_cable_b_49689695.md -> added ['streaming-rig']
2026-05-18 10:19:36,161 [INFO] UPDATED: 2026-04-06_i_didnt_have_vb_cable_installed_40414421.md -> added ['homelab-stack', 'streaming-rig']
2026-05-18 10:19:36,168 [INFO] UPDATED: 2026-04-06_i_dont_think_i_need_to_do_that_right_now_without_the_cable_i_70261300.md -> added ['homelab-stack', 'operation-immortal-agent', 'streaming-rig']
2026-05-18 10:19:36,178 [INFO] UPDATED: 2026-04-06_i_had_my_monitor_device_set_to_cable_a_because_i_wanted_my_o_55426472.md -> added ['homelab-stack', 'streaming-rig']
2026-05-18 10:19:36,192 [INFO] UPDATED: 2026-04-06_i_say_that_because_i_put_cable_a_input_as_the_monitoring_dev_19415626.md -> added ['homelab-stack', 'operation-immortal-agent', 'streaming-rig']
2026-05-18 10:19:36,200 [INFO] UPDATED: 2026-04-06_i_switched_to_banana_my_bad_29995359.md -> added ['homelab-stack', 'streaming-rig']
2026-05-18 10:19:36,207 [INFO] UPDATED: 2026-04-06_is_this_because_i_dont_have_voicemeter_banana_sorted_out_43969683.md -> added ['homelab-stack', 'operation-immortal-agent', 'streaming-rig']
2026-05-18 10:19:36,218 [INFO] UPDATED: 2026-04-06_it_wont_let_you_just_pick_no_audio_device_75161922.md -> added ['homelab-stack', 'operation-immortal-agent', 'streaming-rig']
2026-05-18 10:19:36,225 [INFO] UPDATED: 2026-04-06_no_i_havent_done_the_obs_part_at_all_i_was_just_pointing_out_22576352.md -> added ['homelab-stack', 'streaming-rig']
2026-05-18 10:19:36,237 [INFO] UPDATED: 2026-04-06_no_just_start_from_the_beginning_i_have_the_virtual_camera_s_35721919.md -> added ['homelab-stack', 'streaming-rig']
2026-05-18 10:19:36,245 [INFO] UPDATED: 2026-04-06_now_that_i_only_have_cables_a_and_b_now_my_discord_audio_is__37987328.md -> added ['streaming-rig']
2026-05-18 10:19:36,262 [INFO] UPDATED: 2026-04-06_okay_lets_get_it_set_up_properly_60161437.md -> added ['homelab-stack', 'streaming-rig']
2026-05-18 10:19:36,271 [INFO] UPDATED: 2026-04-06_okay_so_i_have_the_virtual_camera_working_properly_and_plugg_30980559.md -> added ['streaming-rig']
2026-05-18 10:19:36,281 [INFO] UPDATED: 2026-04-06_okay_so_i_have_voicemeter_banana_and_the_cable_ab_package_as_81905317.md -> added ['homelab-stack', 'streaming-rig']
2026-05-18 10:19:36,290 [INFO] UPDATED: 2026-04-06_okay_so_i_tried_applying_for_an_agency_for_tiktok_live_and_i_45304374.md -> added ['streaming-rig']
2026-05-18 10:19:36,300 [INFO] UPDATED: 2026-04-06_okay_so_no_worries_about_tiktok_vods_then_i_just_want_my_aud_59609259.md -> added ['streaming-rig']
2026-05-18 10:19:36,307 [INFO] UPDATED: 2026-04-06_should_my_mic_have_monitoring_on_63291964.md -> added ['streaming-rig']
2026-05-18 10:19:36,315 [INFO] UPDATED: 2026-04-06_so_i_did_steps_1_and_2_but_now_i_cant_hear_my_music_in_brave_23145426.md -> added ['operation-immortal-agent', 'streaming-rig']
2026-05-18 10:19:36,323 [INFO] UPDATED: 2026-04-06_so_i_dont_need_voicemeter_banana_anymore_i_delete_it_and_the_87483034.md -> added ['streaming-rig']
2026-05-18 10:19:36,331 [INFO] UPDATED: 2026-04-06_so_to_clairfy_give_me_a_checklist_of_what_to_check_to_ensure_50809578.md -> added ['streaming-rig']
2026-05-18 10:19:36,342 [INFO] UPDATED: 2026-04-06_specifically_i_just_dont_want_the_waveforms_to_play_on_just__14766759.md -> added ['streaming-rig']
2026-05-18 10:19:36,351 [INFO] UPDATED: 2026-04-06_the_thing_is_though_tiktok_studio_asks_for_two_separate_sour_67749212.md -> added ['streaming-rig']
2026-05-18 10:19:36,359 [INFO] UPDATED: 2026-04-06_these_are_the_only_options_i_see_for_audio_67128057.md -> added ['streaming-rig']
2026-05-18 10:19:36,368 [INFO] UPDATED: 2026-04-06_this_is_what_my_voicemeter_banana_looks_like_56756700.md -> added ['streaming-rig']
2026-05-18 10:19:36,376 [INFO] UPDATED: 2026-04-06_when_i_searched_ndi_runtime_i_ended_up_downloading_the_ndi_6_70565385.md -> added ['streaming-rig']
2026-05-18 10:19:36,385 [INFO] UPDATED: 2026-04-06_when_i_test_the_mic_source_from_cable_a_output_i_hear_a_echo_35325795.md -> added ['streaming-rig']
2026-05-18 10:19:36,392 [INFO] UPDATED: 2026-04-06_why_is_there_a_delay_when_i_use_the_virtual_camera_58651623.md -> added ['operation-immortal-agent', 'streaming-rig']
2026-05-18 10:19:36,400 [INFO] UPDATED: 2026-04-06_yeah_i_did_the_cable_a_output_and_it_doesnt_work_my_mic_work_56858741.md -> added ['streaming-rig']
2026-05-18 10:19:36,407 [INFO] UPDATED: 2026-04-06_yeah_i_dont_see_an_output_option_and_honestly_i_dont_care_if_46970131.md -> added ['streaming-rig']
2026-05-18 10:19:36,415 [INFO] UPDATED: 2026-04-06_yeah_now_my_mic_is_doubled_after_doing_those_previous_steps__82224169.md -> added ['streaming-rig']
2026-05-18 10:19:36,425 [INFO] UPDATED: 2026-04-06_yeah_so_like_i_said_i_have_my_monitor_device_set_to_cable_a__37043934.md -> added ['operation-immortal-agent', 'streaming-rig']
2026-05-18 10:19:36,434 [INFO] UPDATED: 2026-04-06_yeah_thats_not_workinh_74536734.md -> added ['streaming-rig']
2026-05-18 10:19:36,443 [INFO] UPDATED: 2026-04-06_yeah_this_is_a_giant_headache_im_ngl_47299583.md -> added ['operation-immortal-agent', 'streaming-rig']
2026-05-18 10:19:36,457 [INFO] UPDATED: 2026-04-07_And_I_for_my_chats_from_gpt_and_all_the_other_ones_I_just_gi_82315856.md -> added ['homelab-stack', 'second-brain-vault']
2026-05-18 10:19:36,471 [INFO] UPDATED: 2026-04-07_And_docker_is_a_better_solution_here_than_a_vm_Why_do_people_13819428.md -> added ['homelab-stack']
2026-05-18 10:19:36,484 [INFO] UPDATED: 2026-04-07_And_what_if_I_have_my_public_wallet_in_that_project_55792827.md -> added ['homelab-stack', 'operation-immortal-agent', 'second-brain-vault']
2026-05-18 10:19:36,496 [INFO] UPDATED: 2026-04-07_Can_you_remind_me_what_the_master_blueprint_is_for_the_proje_24244952.md -> added ['homelab-stack', 'second-brain-vault']
2026-05-18 10:19:36,505 [INFO] UPDATED: 2026-04-07_Cool_I_was_just_getting_ideas_for_what_I_would_use_the_agent_19332606.md -> added ['homelab-stack', 'operation-immortal-agent', 'private-ai-consulting', 'second-brain-vault', 'streaming-rig']
2026-05-18 10:19:36,513 [INFO] UPDATED: 2026-04-07_Could_it_technically_send_job_applications_on_my_behalf_or_s_46734569.md -> added ['homelab-stack', 'operation-immortal-agent', 'private-ai-consulting']
2026-05-18 10:19:36,521 [INFO] UPDATED: 2026-04-07_Do_you_even_know_what_project_immortal_agent_was_for_me_60173943.md -> added ['operation-immortal-agent']
2026-05-18 10:19:36,529 [INFO] UPDATED: 2026-04-07_Exactly_and_what_is_the_purpose_of_that_agent_that_I_was_bui_66220333.md -> added ['homelab-stack', 'operation-immortal-agent']
2026-05-18 10:19:36,539 [INFO] UPDATED: 2026-04-07_Funding_is_the_problem_with_the_immortal_agent_project_so_I__81940867.md -> added ['homelab-stack', 'operation-immortal-agent', 'second-brain-vault']
2026-05-18 10:19:36,558 [INFO] UPDATED: 2026-04-07_Go_to_takeoutgooglecom_and_sign_in_Click_Deselect_all_at_the_31256573.md -> added ['operation-immortal-agent', 'second-brain-vault']
2026-05-18 10:19:36,570 [INFO] UPDATED: 2026-04-07_How_would_I_go_about_making_immortal_agent_a_skill_then_Its__65766224.md -> added ['homelab-stack', 'operation-immortal-agent', 'second-brain-vault']
2026-05-18 10:19:36,580 [INFO] UPDATED: 2026-04-07_I_knew_not_to_mass_apply_I_meant_moreso_like_can_it_utilize__49054623.md -> added ['homelab-stack', 'it-certification', 'operation-immortal-agent', 'second-brain-vault']
2026-05-18 10:19:36,594 [INFO] UPDATED: 2026-04-07_I_need_to_know_what_I_need_to_do_to_make_this_a_reality_Step_14441823.md -> added ['operation-immortal-agent', 'second-brain-vault']
2026-05-18 10:19:36,606 [INFO] UPDATED: 2026-04-07_I_was_asking_to_see_if_I_understood_it_right_not_if_I_was_do_44646574.md -> added ['second-brain-vault']
2026-05-18 10:19:36,618 [INFO] UPDATED: 2026-04-07_I_wasnt_building_phantom_mcp_it_already_existed_I_was_using__81790490.md -> added ['operation-immortal-agent', 'second-brain-vault']
2026-05-18 10:19:36,629 [INFO] UPDATED: 2026-04-07_Im_confused_tho_like_I_was_building_out_the_system_for_an_ag_71147394.md -> added ['operation-immortal-agent']
2026-05-18 10:19:36,640 [INFO] UPDATED: 2026-04-07_Is_cloudfare_or_tailscale_a_requirement_for_telegram_integra_44535552.md -> added ['homelab-stack', 'second-brain-vault']
2026-05-18 10:19:36,662 [INFO] UPDATED: 2026-04-07_It_isnt_a_agent_file_I_was_making_I_was_making_an_agent_that_54318316.md -> added ['operation-immortal-agent', 'second-brain-vault']
2026-05-18 10:19:36,671 [INFO] UPDATED: 2026-04-07_It_was_the_phantom_mcp_project_I_was_working_on_with_meteora_42768524.md -> added ['homelab-stack', 'operation-immortal-agent']
2026-05-18 10:19:36,682 [INFO] UPDATED: 2026-04-07_Nah_just_straight_to_the_point_what_is_it_what_can_it_do_I_d_88266624.md -> added ['homelab-stack']
2026-05-18 10:19:36,697 [INFO] UPDATED: 2026-04-07_No_I_mean_like_that_project_is_still_a_work_in_progress_but__71436241.md -> added ['homelab-stack', 'operation-immortal-agent', 'second-brain-vault']
2026-05-18 10:19:36,714 [INFO] UPDATED: 2026-04-07_No_like_it_was_actively_something_I_was_working_on_thats_com_60519908.md -> added ['homelab-stack', 'operation-immortal-agent', 'second-brain-vault']
2026-05-18 10:19:36,724 [INFO] UPDATED: 2026-04-07_Okay_so_not_to_get_ahead_of_myself_but_from_the_beginning_wi_25732727.md -> added ['homelab-stack', 'second-brain-vault']
2026-05-18 10:19:36,738 [INFO] UPDATED: 2026-04-07_Okay_so_now_that_we_have_the_stack_and_understand_that_secur_30050437.md -> added ['homelab-stack', 'second-brain-vault']
2026-05-18 10:19:36,748 [INFO] UPDATED: 2026-04-07_One_last_question_everyone_I_see_says_run_this_in_a_vm_at_le_67966899.md -> added ['homelab-stack', 'second-brain-vault']
2026-05-18 10:19:36,763 [INFO] UPDATED: 2026-04-07_Rewrite_this_so_it_reflects_my_current_specs_as_well_Cpu_Int_83787708.md -> added ['homelab-stack', 'operation-immortal-agent', 'second-brain-vault']
2026-05-18 10:19:36,773 [INFO] UPDATED: 2026-04-07_Scratch_that_Start_the_instructions_from_getting_the_chat_fi_85329816.md -> added ['second-brain-vault']
2026-05-18 10:19:36,782 [INFO] UPDATED: 2026-04-07_So_I_dont_need_to_finish_the_project_and_I_shouldnt_keep_the_27196741.md -> added ['operation-immortal-agent', 'second-brain-vault']
2026-05-18 10:19:36,794 [INFO] UPDATED: 2026-04-07_So_I_have_to_convert_the_different_chats_first_from_json_or__34486054.md -> added ['second-brain-vault']
2026-05-18 10:19:36,805 [INFO] UPDATED: 2026-04-07_So_from_my_understanding_the_skills_that_Hermes_creates_are__16448739.md -> added ['second-brain-vault']
2026-05-18 10:19:36,820 [INFO] UPDATED: 2026-04-07_So_from_the_beginning_what_do_I_need_to_do_58504052.md -> added ['second-brain-vault']
2026-05-18 10:19:36,835 [INFO] UPDATED: 2026-04-07_So_from_the_top_based_on_the_idea_I_had_a_the_kinks_we_worke_26618118.md -> added ['homelab-stack', 'operation-immortal-agent', 'second-brain-vault']
2026-05-18 10:19:36,846 [INFO] UPDATED: 2026-04-07_So_how_are_skills_made_then_Like_how_does_the_agent_know_wha_15898189.md -> added ['operation-immortal-agent', 'second-brain-vault']
2026-05-18 10:19:36,858 [INFO] UPDATED: 2026-04-07_So_how_would_I_do_this_securely_in_a_vm_on_tiny11_Docker_may_69239071.md -> added ['homelab-stack', 'second-brain-vault']
2026-05-18 10:19:36,872 [INFO] UPDATED: 2026-04-07_So_if_I_were_to_explain_to_my_dad_what_this_can_do_and_how_I_12691224.md -> added ['homelab-stack']
2026-05-18 10:19:36,883 [INFO] UPDATED: 2026-04-07_So_if_Im_using_docker_to_host_my_Hermes_agent_how_would_I_do_68292069.md -> added ['homelab-stack', 'operation-immortal-agent', 'second-brain-vault']
2026-05-18 10:19:36,895 [INFO] UPDATED: 2026-04-07_So_in_simple_terms_what_am_I_asking_here_I_want_to_make_sure_22211657.md -> added ['homelab-stack', 'operation-immortal-agent', 'second-brain-vault']
2026-05-18 10:19:36,909 [INFO] UPDATED: 2026-04-07_So_it_can_stay_on_247_because_of_docker_and_I_can_make_a_sep_17958066.md -> added ['homelab-stack', 'second-brain-vault']
2026-05-18 10:19:36,920 [INFO] UPDATED: 2026-04-07_So_its_more_about_the_strategy_that_the_code_provides_that_I_22574478.md -> added ['homelab-stack', 'operation-immortal-agent']
2026-05-18 10:19:36,934 [INFO] UPDATED: 2026-04-07_So_now_that_we_broke_everything_down_rewrite_this_plan_out_s_22442937.md -> added ['homelab-stack', 'operation-immortal-agent', 'second-brain-vault']
2026-05-18 10:19:36,953 [INFO] UPDATED: 2026-04-07_So_once_those_are_in_md_format_I_specifically_want_the_notes_79470286.md -> added ['homelab-stack', 'operation-immortal-agent', 'private-ai-consulting', 'second-brain-vault']
2026-05-18 10:19:36,962 [INFO] UPDATED: 2026-04-07_So_the_new_stack_is_Gemma_4_Hermes_agent_obsidian_docker_to__66894771.md -> added ['homelab-stack', 'second-brain-vault']
2026-05-18 10:19:36,974 [INFO] UPDATED: 2026-04-07_So_the_shift_from_building_agents_to_building_repeatable_wor_41011253.md -> added ['homelab-stack', 'operation-immortal-agent', 'second-brain-vault']
2026-05-18 10:19:36,985 [INFO] UPDATED: 2026-04-07_So_when_I_was_coding_this_out_I_was_using_env_for_my_public__14821220.md -> added ['homelab-stack', 'operation-immortal-agent', 'second-brain-vault']
2026-05-18 10:19:36,996 [INFO] UPDATED: 2026-04-07_So_with_project_immortal_agent_I_should_pivot_that_into_a_sk_79317849.md -> added ['homelab-stack', 'operation-immortal-agent', 'second-brain-vault']
2026-05-18 10:19:37,008 [INFO] UPDATED: 2026-04-07_So_you_dont_just_give_obsidian_your_raw_chat_data_from_gpt_C_22782615.md -> added ['operation-immortal-agent', 'second-brain-vault']
2026-05-18 10:19:37,019 [INFO] UPDATED: 2026-04-07_So_youre_saying_this_is_better_put_as_a_skill_than_building__26570273.md -> added ['homelab-stack', 'operation-immortal-agent', 'second-brain-vault']
2026-05-18 10:19:37,030 [INFO] UPDATED: 2026-04-07_Specifically_I_want_all_my_chats_from_Gemini_Claude_grok_and_34235799.md -> added ['homelab-stack', 'second-brain-vault']
2026-05-18 10:19:37,042 [INFO] UPDATED: 2026-04-07_Specifically_this_was_the_original_plan_when_I_was_building__77184200.md -> added ['homelab-stack', 'operation-immortal-agent', 'second-brain-vault']
2026-05-18 10:19:37,060 [INFO] UPDATED: 2026-04-07_Stop_saying_Im_on_Linux_Im_on_tiny_11_from_now_on_14298906.md -> added ['homelab-stack', 'operation-immortal-agent', 'second-brain-vault', 'streaming-rig']
2026-05-18 10:19:37,075 [INFO] UPDATED: 2026-04-07_Tell_me_more_about_this_and_how_it_relates_to_my_current_har_55768375.md -> added ['homelab-stack', 'operation-immortal-agent', 'streaming-rig']
2026-05-18 10:19:37,084 [INFO] UPDATED: 2026-04-07_The_idea_allows_me_to_learn_how_to_build_these_systems_I_rea_91653395.md -> added ['homelab-stack', 'operation-immortal-agent', 'second-brain-vault']
2026-05-18 10:19:37,093 [INFO] UPDATED: 2026-04-07_This_is_the_project_Im_talking_about_for_context_httpsgithub_32846176.md -> added ['homelab-stack', 'operation-immortal-agent']
2026-05-18 10:19:37,105 [INFO] UPDATED: 2026-04-07_Thoughts_on_this_plan_Heres_a_clear_concise_recap_of_what_yo_90239194.md -> added ['homelab-stack', 'second-brain-vault']
2026-05-18 10:19:37,112 [INFO] UPDATED: 2026-04-07_Were_starting_this_thing_off_with_no_chat_data_from_Claude_c_60797940.md -> added ['homelab-stack', 'operation-immortal-agent', 'second-brain-vault']
2026-05-18 10:19:37,121 [INFO] UPDATED: 2026-04-07_Yeah_I_think_Im_getting_a_better_understanding_Im_not_at_my__48350755.md -> added ['homelab-stack', 'operation-immortal-agent', 'second-brain-vault']
2026-05-18 10:19:37,128 [INFO] UPDATED: 2026-04-07_Yes_and_just_to_ensure_security_is_the_main_concern_Docker_i_83447822.md -> added ['homelab-stack', 'second-brain-vault']
2026-05-18 10:19:37,140 [INFO] UPDATED: 2026-04-07_help_me_write_out_a_summary_based_on_this_resume_bullet_poin_52523916.md -> added ['it-certification']
2026-05-18 10:19:37,148 [INFO] UPDATED: 2026-04-07_how_do_i_export_all_of_my_gemini_chats_to_put_them_into_obsi_61123116.md -> added ['homelab-stack', 'second-brain-vault']
2026-05-18 10:19:37,160 [INFO] UPDATED: 2026-04-07_im_on_tiny_11_just_a_fyi_what_do_i_need_to_do_to_get_my_chat_27712546.md -> added ['second-brain-vault']
2026-05-18 10:19:37,179 [INFO] UPDATED: 2026-04-07_specifically_im_talking_like_an_about_summary_for_the_resume_73457372.md -> added ['homelab-stack', 'it-certification', 'operation-immortal-agent']
2026-05-18 10:19:37,192 [INFO] UPDATED: 2026-04-08_Can_you_technically_use_the_Hermes_agent_setup_to_get_latest_38980502.md -> added ['homelab-stack', 'operation-immortal-agent', 'second-brain-vault']
2026-05-18 10:19:37,208 [INFO] UPDATED: 2026-04-08_Could_I_technically_build_out_the_docker_instance_with_Herme_99875928.md -> added ['homelab-stack']
2026-05-18 10:19:37,229 [INFO] UPDATED: 2026-04-08_Do_docker_instances_stay_on_247_even_if_your_computer_isnt_o_63673571.md -> added ['homelab-stack']
2026-05-18 10:19:37,237 [INFO] UPDATED: 2026-04-08_How_hard_will_this_be_to_get_setup_Im_wrapping_my_head_aroun_62873751.md -> added ['homelab-stack', 'operation-immortal-agent', 'second-brain-vault']
2026-05-18 10:19:37,249 [INFO] UPDATED: 2026-04-08_I_meant_to_set_up_Hermes_agent_with_our_plan_88537441.md -> added ['homelab-stack', 'operation-immortal-agent', 'second-brain-vault']
2026-05-18 10:19:37,263 [INFO] UPDATED: 2026-04-08_So_if_I_want_the_performance_I_have_to_keep_it_on_my_main_ri_72537896.md -> added ['homelab-stack', 'operation-immortal-agent']
2026-05-18 10:19:37,275 [INFO] UPDATED: 2026-04-09_Finally_locking_in_with_the_Hermes_agent_project_today_Cool__76301236.md -> added ['homelab-stack']
2026-05-18 10:19:37,284 [INFO] UPDATED: 2026-04-09_For_Google_takeout_it_only_says_gems_and_scheduled_actions_64585265.md -> added ['second-brain-vault']
2026-05-18 10:19:37,303 [INFO] UPDATED: 2026-04-09_How_do_I_export_Gemini_chat_data_for_obsidian_49017759.md -> added ['second-brain-vault']
2026-05-18 10:19:37,312 [INFO] UPDATED: 2026-04-09_Primarily_just_seeing_that_on_my_feed_and_then_once_I_unders_87454321.md -> added ['homelab-stack']
2026-05-18 10:19:37,325 [INFO] UPDATED: 2026-04-09_So_for_Google_takeout_do_my_activity_and_then_select_Gemini__52133570.md -> added ['second-brain-vault']
2026-05-18 10:19:37,337 [INFO] UPDATED: 2026-04-09_This_is_the_Master_Blueprint_for_your_project_It_is_designed_54154002.md -> added ['homelab-stack', 'second-brain-vault']
2026-05-18 10:19:37,346 [INFO] UPDATED: 2026-04-09_Yeah_like_I_was_saying_So_there_was_a_dude_on_Instagram_who__67026418.md -> added ['homelab-stack']
2026-05-18 10:19:37,354 [INFO] UPDATED: 2026-04-09_Yeah_so_Im_just_like_still_thinking_about_this_whole_Hermes__30522232.md -> added ['homelab-stack']
2026-05-18 10:19:37,362 [INFO] UPDATED: 2026-04-09_how_do_i_export_my_chat_data_from_gemini_61967242.md -> added ['second-brain-vault']
2026-05-18 10:19:37,371 [INFO] UPDATED: 2026-04-09_i_am_currently_solely_on_tiny11_now_remember_this_from_now_o_64099516.md -> added ['homelab-stack', 'second-brain-vault']
2026-05-18 10:19:37,381 [INFO] UPDATED: 2026-04-09_okay_lets_back_up_a_little_lets_make_sure_you_understand_wha_41581093.md -> added ['homelab-stack', 'operation-immortal-agent', 'second-brain-vault']
2026-05-18 10:19:37,389 [INFO] UPDATED: 2026-04-09_yeah_i_dont_mind_using_cli_for_this_at_all_i_just_know_that__79388111.md -> added ['homelab-stack', 'second-brain-vault']
2026-05-18 10:19:37,403 [INFO] UPDATED: 2023-11-05_Entry_Level_Help_Desk_Resume_17626740.md -> added ['homelab-stack', 'it-certification']
2026-05-18 10:19:37,416 [INFO] UPDATED: 2023-11-05_Supply_Chain_Management_Expert_33786343.md -> added ['homelab-stack']
2026-05-18 10:19:37,444 [INFO] UPDATED: 2023-11-15_A_Exam_Prep_Guide_87393246.md -> added ['it-certification', 'operation-immortal-agent']
2026-05-18 10:19:37,465 [INFO] UPDATED: 2024-01-23_Nutty_Username_Suggestions_46691616.md -> added ['homelab-stack']
2026-05-18 10:19:37,481 [INFO] UPDATED: 2024-02-20_Streamer_Intro_Highlights_Reel_82425973.md -> added ['streaming-rig']
2026-05-18 10:19:37,491 [INFO] UPDATED: 2024-02-23_Warehouse_Background_Career_Change_43814832.md -> added ['homelab-stack', 'it-certification', 'private-ai-consulting']
2026-05-18 10:19:37,511 [INFO] UPDATED: 2024-03-13_PC_Assembly_Expertise_63796750.md -> added ['homelab-stack']
2026-05-18 10:19:37,523 [INFO] UPDATED: 2024-03-18_Internet_Technician_Installer_66949181.md -> added ['it-certification']
2026-05-18 10:19:37,573 [INFO] UPDATED: 2024-05-01_Personable_Resume_Rewriting_80909443.md -> added ['it-certification']
2026-05-18 10:19:37,581 [INFO] UPDATED: 2024-05-21_Exciting_IMAP_Journey_Begins_43311796.md -> added ['it-certification']
2026-05-18 10:19:37,635 [INFO] UPDATED: 2024-11-12_Crypto_Coins_to_Watch_57088254.md -> added ['homelab-stack']
2026-05-18 10:19:37,758 [INFO] UPDATED: 2025-01-17_Taurus_Zodiac_Sign_40663365.md -> added ['homelab-stack']
2026-05-18 10:19:37,795 [INFO] UPDATED: 2025-01-27_Telegram_Bots_for_Crypto_26711575.md -> added ['operation-immortal-agent']
2026-05-18 10:19:37,886 [INFO] UPDATED: 2025-02-20_Careers_in_Web3_89895945.md -> added ['it-certification']
2026-05-18 10:19:37,903 [INFO] UPDATED: 2025-02-21_Explain_request_summary_58677744.md -> added ['homelab-stack']
2026-05-18 10:19:37,952 [INFO] UPDATED: 2025-02-26_ATS_Resume_Refining_47629175.md -> added ['homelab-stack', 'it-certification']
2026-05-18 10:19:37,973 [INFO] UPDATED: 2025-03-06_Best_Apps_for_Jailbroken_Fire_Stick_67166233.md -> added ['homelab-stack']
2026-05-18 10:19:37,995 [INFO] UPDATED: 2025-03-06_Rib_cracking_explanation_42165405.md -> added ['homelab-stack']
2026-05-18 10:19:38,039 [INFO] UPDATED: 2025-03-13_US_Tariff_History_73234597.md -> added ['homelab-stack']
2026-05-18 10:19:38,055 [INFO] UPDATED: 2025-03-17_Finding_Your_Ikigai_35071179.md -> added ['it-certification', 'private-ai-consulting']
2026-05-18 10:19:38,075 [INFO] UPDATED: 2025-03-18_Shorting_Memecoins_in_Crypto_41671905.md -> added ['operation-immortal-agent']
2026-05-18 10:19:38,097 [INFO] UPDATED: 2025-03-21_CompTIA_A_Key_Points_10732877.md -> added ['homelab-stack', 'it-certification']
2026-05-18 10:19:38,153 [INFO] UPDATED: 2025-03-28_Crypto_Chart_Analysis_70323145.md -> added ['operation-immortal-agent']
2026-05-18 10:19:38,222 [INFO] UPDATED: 2025-03-31_CompTIA_A_Exam_Guide_61526940.md -> added ['homelab-stack', 'it-certification']
2026-05-18 10:19:38,232 [INFO] UPDATED: 2025-03-31_CompTIA_A_Operational_Procedures_Summary_48314026.md -> added ['homelab-stack', 'it-certification']
2026-05-18 10:19:38,258 [INFO] UPDATED: 2025-04-01_SPX_Wormhole_vs_ETH_52869763.md -> added ['operation-immortal-agent']
2026-05-18 10:19:38,311 [INFO] UPDATED: 2025-04-07_Network_Study_Guide_69200188.md -> added ['homelab-stack', 'it-certification']
2026-05-18 10:19:38,324 [INFO] UPDATED: 2025-04-07_Network_Study_Notes_46985921.md -> added ['homelab-stack', 'it-certification']
2026-05-18 10:19:38,355 [INFO] UPDATED: 2025-04-08_Best_Stock_Tracking_Apps_41183193.md -> added ['operation-immortal-agent']
2026-05-18 10:19:38,365 [INFO] UPDATED: 2025-04-08_Top_ETF_Picks_Dip_23158276.md -> added ['homelab-stack']
2026-05-18 10:19:38,386 [INFO] UPDATED: 2025-04-08_TradingView_Overview_15974572.md -> added ['it-certification']
2026-05-18 10:19:38,465 [INFO] UPDATED: 2025-04-13_HarryPotterObamaSonic10Inu_Overview_48516811.md -> added ['operation-immortal-agent']
2026-05-18 10:19:38,488 [INFO] UPDATED: 2025-04-15_Memecoin_Profit_Taking_Strategy_47196238.md -> added ['operation-immortal-agent']
2026-05-18 10:19:38,499 [INFO] UPDATED: 2025-04-16_Blue_Origin_All_Female_Flight_74174388.md -> added ['homelab-stack']
2026-05-18 10:19:38,523 [INFO] UPDATED: 2025-04-17_Learning_Python_for_Beginners_27085461.md -> added ['it-certification']
2026-05-18 10:19:38,524 [INFO] Progress: 3000/3401 files processed...
2026-05-18 10:19:38,565 [INFO] UPDATED: 2025-04-18_Web3_Career_Fit_10954534.md -> added ['private-ai-consulting']
2026-05-18 10:19:38,663 [INFO] UPDATED: 2025-04-20_Brutally_Honest_Execution_Review_63120249.md -> added ['homelab-stack', 'it-certification', 'operation-immortal-agent']
2026-05-18 10:19:38,704 [INFO] UPDATED: 2025-04-20_What_is_def_in_Python_86149090.md -> added ['homelab-stack']
2026-05-18 10:19:38,732 [INFO] UPDATED: 2025-04-21_Puffco_Pivot_Party_Mode_43545820.md -> added ['homelab-stack']
2026-05-18 10:19:38,746 [INFO] UPDATED: 2025-04-21_Trump_Sharpiegate_Controversy_43308361.md -> added ['homelab-stack']
2026-05-18 10:19:38,764 [INFO] UPDATED: 2025-04-22_Solana_Tracker_Code_Help_79713582.md -> added ['homelab-stack']
2026-05-18 10:19:38,769 [INFO] UPDATED: 2025-04-22_Web3_Data_Career_Plan_22228389.md -> added ['it-certification', 'private-ai-consulting']
2026-05-18 10:19:38,797 [INFO] UPDATED: 2025-04-23_Solana_Price_Surge_Factors_69923800.md -> added ['operation-immortal-agent', 'private-ai-consulting']
2026-05-18 10:19:38,878 [INFO] UPDATED: 2025-04-25_API_Naming_Convention_56989872.md -> added ['operation-immortal-agent']
2026-05-18 10:19:38,952 [INFO] UPDATED: 2025-04-26_Project_Worth_or_Pivot_19169951.md -> added ['homelab-stack']
2026-05-18 10:19:38,993 [INFO] UPDATED: 2025-04-28_A_Network_Exam_Notes_54860515.md -> added ['homelab-stack', 'it-certification']
2026-05-18 10:19:39,005 [INFO] UPDATED: 2025-04-28_Network_Exam_Simplified_43438477.md -> added ['homelab-stack', 'it-certification']
2026-05-18 10:19:39,047 [INFO] UPDATED: 2025-04-29_Brutal_Truth_for_Growth_10343908.md -> added ['it-certification']
2026-05-18 10:19:39,092 [INFO] UPDATED: 2025-04-29_Network_Exam_Resources_27293132.md -> added ['it-certification']
2026-05-18 10:19:39,105 [INFO] UPDATED: 2025-04-29_Trollcoin_Price_Prediction_27853544.md -> added ['operation-immortal-agent']
2026-05-18 10:19:39,117 [INFO] UPDATED: 2025-05-01_LLM_Server_Cooling_Solutions_27119142.md -> added ['homelab-stack']
2026-05-18 10:19:39,144 [INFO] UPDATED: 2025-05-03_Alien_Mints_Weed_Strain_66656418.md -> added ['homelab-stack']
2026-05-18 10:19:39,160 [INFO] UPDATED: 2025-05-06_Fortnite_on_Linux_40305815.md -> added ['homelab-stack']
2026-05-18 10:19:39,195 [INFO] UPDATED: 2025-05-10_Exit_Ubuntu_Return_Windows_24149382.md -> added ['homelab-stack']
2026-05-18 10:19:39,232 [INFO] UPDATED: 2025-05-11_Apple_Music_on_Linux_70779454.md -> added ['homelab-stack', 'streaming-rig']
2026-05-18 10:19:39,243 [INFO] UPDATED: 2025-05-11_Best_Linux_Distro_for_Gaming_74634281.md -> added ['homelab-stack', 'streaming-rig']
2026-05-18 10:19:39,264 [INFO] UPDATED: 2025-05-11_Create_Nobara_Bootable_USB_31815713.md -> added ['homelab-stack']
2026-05-18 10:19:39,274 [INFO] UPDATED: 2025-05-11_Fix_USB_Storage_Issue_79762668.md -> added ['homelab-stack']
2026-05-18 10:19:39,307 [INFO] UPDATED: 2025-05-11_Hyprland_on_Nobara_52246810.md -> added ['homelab-stack', 'streaming-rig']
2026-05-18 10:19:39,319 [INFO] UPDATED: 2025-05-11_UEFI_settings_after_Nobara_91136057.md -> added ['homelab-stack']
2026-05-18 10:19:39,327 [INFO] UPDATED: 2025-05-11_Uninstalling_Rufus_83336441.md -> added ['homelab-stack']
2026-05-18 10:19:39,347 [INFO] UPDATED: 2025-05-13_Long_term_LLM_Cooling_Solutions_86697487.md -> added ['homelab-stack']
2026-05-18 10:19:39,387 [INFO] UPDATED: 2025-05-26_Cloud_Computing_Resource_Pools_84891895.md -> added ['homelab-stack']
2026-05-18 10:19:39,417 [INFO] UPDATED: 2025-05-27_Port_Numbers_Made_Simple_80651440.md -> added ['it-certification']
2026-05-18 10:19:39,434 [INFO] UPDATED: 2025-05-28_Career_Advice_Request_64660556.md -> added ['homelab-stack', 'it-certification']
2026-05-18 10:19:39,460 [INFO] UPDATED: 2025-05-29_ATS_Resume_Formatting_Help_82225969.md -> added ['it-certification']
2026-05-18 10:19:39,484 [INFO] UPDATED: 2025-05-29_Bullish_vs_Bearish_Explained_84373136.md -> added ['operation-immortal-agent']
2026-05-18 10:19:39,505 [INFO] UPDATED: 2025-05-29_Rewording_for_Clarity_56727957.md -> added ['it-certification']
2026-05-18 10:19:39,520 [INFO] UPDATED: 2025-05-31_Building_LinkedIn_Presence_Tech_Transition_72544138.md -> added ['homelab-stack', 'it-certification']
2026-05-18 10:19:39,527 [INFO] UPDATED: 2025-05-31_Custom_PC_LinkedIn_Post_71016027.md -> added ['homelab-stack']
2026-05-18 10:19:39,539 [INFO] UPDATED: 2025-05-31_LinkedIn_Post_Feedback_33152914.md -> added ['homelab-stack']
2026-05-18 10:19:39,561 [INFO] UPDATED: 2025-05-31_Project_Brainstorming_Ideas_39486724.md -> added ['it-certification']
2026-05-18 10:19:39,585 [INFO] UPDATED: 2025-05-31_Web3_Portfolio_Projects_20939400.md -> added ['it-certification']
2026-05-18 10:19:39,609 [INFO] UPDATED: 2025-06-02_CompTIA_A_Study_Notes_19320249.md -> added ['homelab-stack', 'it-certification']
2026-05-18 10:19:39,627 [INFO] UPDATED: 2025-06-02_Networking_Terms_Explained_65011153.md -> added ['homelab-stack']
2026-05-18 10:19:39,691 [INFO] UPDATED: 2025-06-15_Delete_WSL_and_Reinstall_11843067.md -> added ['homelab-stack']
2026-05-18 10:19:39,811 [INFO] UPDATED: 2025-06-15_LLM_Error_Breakdown_Request_20599459.md -> added ['homelab-stack']
2026-05-18 10:19:39,828 [INFO] UPDATED: 2025-06-15_LLM_VM_Project_Feedback_77362061.md -> added ['homelab-stack', 'it-certification']
2026-05-18 10:19:39,852 [INFO] UPDATED: 2025-06-15_VM_LLM_Project_Idea_55071049.md -> added ['homelab-stack', 'it-certification']
2026-05-18 10:19:39,865 [INFO] UPDATED: 2025-06-15_WSL2_vs_Docker_for_LLM_57259479.md -> added ['homelab-stack']
2026-05-18 10:19:40,057 [INFO] UPDATED: 2025-06-18_Project_Brainstorming_Support_62930296.md -> added ['homelab-stack', 'it-certification', 'private-ai-consulting']
2026-05-18 10:19:40,078 [INFO] UPDATED: 2025-06-18_WSL2_LLM_Debugging_Assistance_43238663.md -> added ['homelab-stack']
2026-05-18 10:19:40,098 [INFO] UPDATED: 2025-06-21_WSL2_Local_Model_Setup_48314161.md -> added ['homelab-stack']
2026-05-18 10:19:40,127 [INFO] UPDATED: 2025-06-23_Model_Setup_for_Helpdesk_73907569.md -> added ['homelab-stack', 'it-certification']
2026-05-18 10:19:40,137 [INFO] UPDATED: 2025-06-24_LLM_Setup_and_Integration_40485909.md -> added ['homelab-stack', 'it-certification']
2026-05-18 10:19:40,148 [INFO] UPDATED: 2025-06-24_Oobabooga_AI_Helpdesk_Project_46673946.md -> added ['homelab-stack']
2026-05-18 10:19:40,158 [INFO] UPDATED: 2025-06-25_Oobabooga_WSL2_Setup_78569878.md -> added ['homelab-stack']
2026-05-18 10:19:40,166 [INFO] UPDATED: 2025-06-26_Is_WSL2_a_VM_57390537.md -> added ['homelab-stack']
2026-05-18 10:19:40,174 [INFO] UPDATED: 2025-06-26_Offline_AI_Helpdesk_Queries_10324900.md -> added ['it-certification']
2026-05-18 10:19:40,185 [INFO] UPDATED: 2025-06-26_Offline_AI_Project_Update_19138359.md -> added ['homelab-stack']
2026-05-18 10:19:40,230 [INFO] UPDATED: 2025-06-27_Agentic_RAG_Integration_Guide_51044795.md -> added ['homelab-stack', 'private-ai-consulting']
2026-05-18 10:19:40,260 [INFO] UPDATED: 2025-06-27_Facecam_Gameplay_Layout_Tips_80763414.md -> added ['streaming-rig']
2026-05-18 10:19:47,002 [INFO] UPDATED: 2025-06-30_Help_Desk_Job_Titles_56179771.md -> added ['it-certification']
2026-05-18 10:19:47,016 [INFO] UPDATED: 2025-07-02_IT_Help_Desk_Job_Titles_59025270.md -> added ['it-certification']
2026-05-18 10:19:47,042 [INFO] UPDATED: 2025-07-05_AI_Helpdesk_Post_Brainstorm_27763359.md -> added ['homelab-stack', 'it-certification', 'private-ai-consulting']
2026-05-18 10:19:47,065 [INFO] UPDATED: 2025-07-05_Project_Goal_Assessment_83744601.md -> added ['homelab-stack', 'private-ai-consulting']
2026-05-18 10:19:47,105 [INFO] UPDATED: 2025-07-06_MCP_Servers_in_LM_Studio_92016726.md -> added ['homelab-stack', 'private-ai-consulting']
2026-05-18 10:19:39,880 [INFO] UPDATED: 2025-07-06_Mac_Studio_vs_GPU_Setup_54795572.md -> added ['homelab-stack']
2026-05-18 10:19:39,898 [INFO] UPDATED: 2025-07-06_Oobabooga_vs_LM_Studio_63011020.md -> added ['homelab-stack']
2026-05-18 10:19:39,929 [INFO] UPDATED: 2025-07-07_Follow_up_After_Holiday_20491699.md -> added ['homelab-stack', 'it-certification', 'private-ai-consulting', 'streaming-rig']
2026-05-18 10:19:39,939 [INFO] UPDATED: 2025-07-07_Hermes_model_performance_issues_49327680.md -> added ['homelab-stack']
2026-05-18 10:19:39,986 [INFO] UPDATED: 2025-07-07_MCP_Servers_in_LLMs_66876385.md -> added ['homelab-stack', 'private-ai-consulting']
2026-05-18 10:19:39,999 [INFO] UPDATED: 2025-07-07_Mac_UMA_vs_PC_GPU_55359827.md -> added ['homelab-stack']
2026-05-18 10:19:40,038 [INFO] UPDATED: 2025-07-08_Cursor_Multi_Agent_Setup_43205797.md -> added ['homelab-stack', 'private-ai-consulting']
2026-05-18 10:19:40,065 [INFO] UPDATED: 2025-07-08_Cursor_Relationship_Progression_39103126.md -> added ['homelab-stack']
2026-05-18 10:19:40,116 [INFO] UPDATED: 2025-07-08_Vibe_Coding_for_Beginners_59989506.md -> added ['private-ai-consulting']
2026-05-18 10:19:40,148 [INFO] UPDATED: 2025-07-09_Offline_AI_Helpdesk_Setup_63668913.md -> added ['homelab-stack']
2026-05-18 10:19:40,170 [INFO] UPDATED: 2025-07-09_Offline_Helpdesk_AI_Build_85153767.md -> added ['homelab-stack', 'it-certification', 'private-ai-consulting']
2026-05-18 10:19:40,178 [INFO] UPDATED: 2025-07-09_Unified_Memory_vs_VRAM_24020631.md -> added ['homelab-stack']
2026-05-18 10:19:40,208 [INFO] UPDATED: 2025-07-10_Agent_Workflow_Design_Approval_57175364.md -> added ['it-certification']
2026-05-18 10:19:40,230 [INFO] UPDATED: 2025-07-11_Crypto_AI_Agent_System_50463766.md -> added ['homelab-stack', 'private-ai-consulting']
2026-05-18 10:19:40,287 [INFO] UPDATED: 2025-07-12_Brutal_Truths_for_Growth_86877646.md -> added ['homelab-stack', 'private-ai-consulting']
2026-05-18 10:19:40,294 [INFO] UPDATED: 2025-07-12_Mac_mini_LLM_Options_72268763.md -> added ['homelab-stack']
2026-05-18 10:19:40,335 [INFO] UPDATED: 2025-07-12_Semgrep_MCP_in_Cursor_81473309.md -> added ['homelab-stack', 'second-brain-vault']
2026-05-18 10:19:40,401 [INFO] UPDATED: 2025-07-13_Multi_Agent_Helpdesk_Setup_75644414.md -> added ['homelab-stack', 'it-certification']
2026-05-18 10:19:40,415 [INFO] UPDATED: 2025-07-13_WSL2_Model_Location_Scan_64364912.md -> added ['homelab-stack']
2026-05-18 10:19:40,442 [INFO] UPDATED: 2025-07-14_Find_Python_Project_Path_17799776.md -> added ['homelab-stack']
2026-05-18 10:19:40,474 [INFO] UPDATED: 2025-07-14_LLM_Provider_Configuration_Fix_35917654.md -> added ['homelab-stack', 'private-ai-consulting']
2026-05-18 10:19:40,505 [INFO] UPDATED: 2025-07-14_Load_Character_Solace_84388120.md -> added ['homelab-stack']
2026-05-18 10:19:40,555 [INFO] UPDATED: 2025-07-15_Error_log_splitting_86788450.md -> added ['homelab-stack']
2026-05-18 10:19:40,569 [INFO] UPDATED: 2025-07-15_RTX_3070_Overclock_Guide_31392739.md -> added ['homelab-stack']
2026-05-18 10:19:40,671 [INFO] UPDATED: 2025-07-15_Set_Default_Character_Solace_17781998.md -> added ['homelab-stack']
2026-05-18 10:19:40,731 [INFO] UPDATED: 2025-07-16_Restarting_multi_agent_framework_15840040.md -> added ['homelab-stack']
2026-05-18 10:19:40,739 [INFO] UPDATED: 2025-07-17_GPU_upgrade_for_1440p_82719194.md -> added ['homelab-stack']
2026-05-18 10:19:40,750 [INFO] UPDATED: 2025-07-17_Meta_Llama_download_link_83666367.md -> added ['homelab-stack']
2026-05-18 10:19:40,806 [INFO] UPDATED: 2025-07-17_Move_model_to_oobabooga_91638308.md -> added ['homelab-stack']
2026-05-18 10:19:40,820 [INFO] UPDATED: 2025-07-17_Sweating_and_anxiety_causes_51408790.md -> added ['homelab-stack']
2026-05-18 10:19:40,898 [INFO] UPDATED: 2025-07-20_Clarifying_project_vision_18635727.md -> added ['homelab-stack', 'operation-immortal-agent', 'private-ai-consulting']
2026-05-18 10:19:40,908 [INFO] UPDATED: 2025-07-22_Creative_collab_ideas_21352479.md -> added ['homelab-stack']
2026-05-18 10:19:40,932 [INFO] UPDATED: 2025-07-24_Apple_Music_VoiceMeeter_setup_57686333.md -> added ['homelab-stack', 'streaming-rig']
2026-05-18 10:19:40,943 [INFO] UPDATED: 2025-07-25_Driver_update_comparison_36083359.md -> added ['homelab-stack']
2026-05-18 10:19:40,954 [INFO] UPDATED: 2025-07-25_Safe_mode_entry_methods_97513247.md -> added ['homelab-stack']
2026-05-18 10:19:40,972 [INFO] UPDATED: 2025-07-25_Windows_10_slow_update_17942089.md -> added ['homelab-stack']
2026-05-18 10:19:40,987 [INFO] UPDATED: 2025-07-26_Bluetooth_audio_choppy_fix_10922334.md -> added ['homelab-stack']
2026-05-18 10:19:41,000 [INFO] UPDATED: 2025-07-26_Quest_3_vs_3S_comparison_13236771.md -> added ['homelab-stack']
2026-05-18 10:19:41,051 [INFO] UPDATED: 2025-07-28_Latest_AI_tools_2025_20999033.md -> added ['homelab-stack', 'operation-immortal-agent', 'private-ai-consulting']
2026-05-18 10:19:41,073 [INFO] UPDATED: 2025-07-28_Offline_verification_steps_42856155.md -> added ['homelab-stack']
2026-05-18 10:19:41,106 [INFO] UPDATED: 2025-07-29_Kilocodeai_vs_Continuedev_80478747.md -> added ['homelab-stack']
2026-05-18 10:19:41,145 [INFO] UPDATED: 2025-07-30_Model_setup_review_33070176.md -> added ['homelab-stack']
2026-05-18 10:19:41,159 [INFO] UPDATED: 2025-07-30_Project_idea_development_27440465.md -> added ['homelab-stack']
2026-05-18 10:19:41,177 [INFO] UPDATED: 2025-08-01_Resume_job_title_suggestions_11937658.md -> added ['it-certification']
2026-05-18 10:19:41,224 [INFO] UPDATED: 2025-08-07_Honest_feedback_request_33054482.md -> added ['homelab-stack', 'private-ai-consulting']
2026-05-18 10:19:41,248 [INFO] UPDATED: 2025-08-07_Open_source_alternatives_61489367.md -> added ['homelab-stack']
2026-05-18 10:19:41,271 [INFO] UPDATED: 2025-08-10_Fast_RTC_meaning_84447967.md -> added ['private-ai-consulting']
2026-05-18 10:19:41,297 [INFO] UPDATED: 2025-08-10_Set_up_Ollama_GUI_53055247.md -> added ['homelab-stack']
2026-05-18 10:19:41,334 [INFO] UPDATED: 2025-08-19_Run_idea_by_assistant_56080905.md -> added ['private-ai-consulting']
2026-05-18 10:19:41,380 [INFO] UPDATED: 2025-08-20_Brutal_growth_advice_31631332.md -> added ['it-certification', 'private-ai-consulting']
2026-05-18 10:19:41,420 [INFO] UPDATED: 2025-08-21_Brutal_self_analysis_and_feedback_85485402.md -> added ['homelab-stack', 'private-ai-consulting']
2026-05-18 10:19:41,500 [INFO] UPDATED: 2025-08-21_Discord_integration_idea_81130957.md -> added ['homelab-stack', 'streaming-rig']
2026-05-18 10:19:41,516 [INFO] UPDATED: 2025-08-21_Flag_post_ideas_10013396.md -> added ['second-brain-vault']
2026-05-18 10:19:41,529 [INFO] UPDATED: 2025-08-23_Discord_project_vision_58332347.md -> added ['homelab-stack']
2026-05-18 10:19:41,600 [INFO] UPDATED: 2025-08-24_Server_name_suggestions_38380332.md -> added ['homelab-stack']
2026-05-18 10:19:41,635 [INFO] UPDATED: 2025-08-26_Chainlink_DeFi_Explanation_39619264.md -> added ['operation-immortal-agent']
2026-05-18 10:19:41,652 [INFO] UPDATED: 2025-08-26_Hike_idea_note_52790419.md -> added ['private-ai-consulting']
2026-05-18 10:19:41,760 [INFO] UPDATED: 2025-08-28_Discord_community_message_54276968.md -> added ['homelab-stack']
2026-05-18 10:19:41,815 [INFO] UPDATED: 2025-08-31_Crypto_chat_name_ideas_53793918.md -> added ['homelab-stack']
2026-05-18 10:19:41,834 [INFO] UPDATED: 2025-09-01_Gemini_prompt_for_brainstorming_40200807.md -> added ['homelab-stack']
2026-05-18 10:19:41,874 [INFO] UPDATED: 2025-09-01_Project_discussion_next_steps_19260636.md -> added ['homelab-stack', 'private-ai-consulting']
2026-05-18 10:19:41,891 [INFO] UPDATED: 2025-09-02_Users_good_news_84672538.md -> added ['streaming-rig']
2026-05-18 10:19:41,921 [INFO] UPDATED: 2025-09-03_Add_Discord_to_overlay_35819143.md -> added ['homelab-stack', 'streaming-rig']
2026-05-18 10:19:41,931 [INFO] UPDATED: 2025-09-03_Obs_resource_usage_TikTok_76059901.md -> added ['homelab-stack', 'streaming-rig']
2026-05-18 10:19:42,000 [INFO] UPDATED: 2025-09-05_Crypto_safety_tips_structure_44892224.md -> added ['homelab-stack', 'operation-immortal-agent']
2026-05-18 10:19:42,034 [INFO] UPDATED: 2025-09-05_Server_intro_style_tweak_91897891.md -> added ['homelab-stack']
2026-05-18 10:19:42,053 [INFO] UPDATED: 2025-09-07_AI_driven_3D_animation_51532904.md -> added ['homelab-stack', 'private-ai-consulting']
2026-05-18 10:19:42,111 [INFO] UPDATED: 2025-09-07_Director_agent_setup_39687325.md -> added ['homelab-stack']
2026-05-18 10:19:42,133 [INFO] UPDATED: 2025-09-07_Download_model_manually_67242793.md -> added ['homelab-stack']
2026-05-18 10:19:42,142 [INFO] UPDATED: 2025-09-07_Hugging_Face_download_issues_75022471.md -> added ['homelab-stack']
2026-05-18 10:19:42,157 [INFO] UPDATED: 2025-09-07_Localized_model_options_56971233.md -> added ['homelab-stack']
2026-05-18 10:19:42,192 [INFO] UPDATED: 2025-09-07_Project_discussion_clarification_83080842.md -> added ['homelab-stack']
2026-05-18 10:19:42,227 [INFO] UPDATED: 2025-09-07_Review_context_profile_74803296.md -> added ['homelab-stack']
2026-05-18 10:19:42,253 [INFO] UPDATED: 2025-09-07_Using_models_in_GUI_44195025.md -> added ['homelab-stack']
2026-05-18 10:19:42,271 [INFO] UPDATED: 2025-09-08_Available_balance_question_89458170.md -> added ['homelab-stack']
2026-05-18 10:19:42,403 [INFO] UPDATED: 2025-09-09_Job_opportunities_timeline_31858493.md -> added ['homelab-stack', 'it-certification', 'private-ai-consulting']
2026-05-18 10:19:42,525 [INFO] UPDATED: 2025-09-10_Continue_previous_work_46764981.md -> added ['homelab-stack']
2026-05-18 10:19:42,606 [INFO] UPDATED: 2025-09-10_Oobabooga_setup_complete_81921273.md -> added ['homelab-stack']
2026-05-18 10:19:42,687 [INFO] UPDATED: 2025-09-11_Project_vision_revision_56000566.md -> added ['homelab-stack', 'it-certification']
2026-05-18 10:19:42,702 [INFO] UPDATED: 2025-09-15_OpenAI_certification_program_32442367.md -> added ['it-certification']
2026-05-18 10:19:42,744 [INFO] UPDATED: 2025-09-15_ROMA_Python_library_details_38073092.md -> added ['homelab-stack']
2026-05-18 10:19:42,759 [INFO] UPDATED: 2025-09-16_Cover_letter_for_clerk_75490386.md -> added ['it-certification']
2026-05-18 10:19:42,792 [INFO] UPDATED: 2025-09-16_Thinking_out_loud_65964804.md -> added ['homelab-stack', 'private-ai-consulting']
2026-05-18 10:19:42,831 [INFO] UPDATED: 2025-09-18_AI_solutions_project_goal_32355309.md -> added ['homelab-stack']
2026-05-18 10:19:42,848 [INFO] UPDATED: 2025-09-19_Brainstorm_project_ideas_17127583.md -> added ['private-ai-consulting']
2026-05-18 10:19:42,860 [INFO] UPDATED: 2025-09-19_Job_search_matches_26385878.md -> added ['homelab-stack', 'private-ai-consulting']
2026-05-18 10:19:42,935 [INFO] UPDATED: 2025-09-23_Install_vLLM_in_WSL2_24268562.md -> added ['homelab-stack']
2026-05-18 10:19:42,947 [INFO] UPDATED: 2025-09-23_Setup_assistance_request_24269616.md -> added ['homelab-stack']
2026-05-18 10:19:43,004 [INFO] UPDATED: 2025-10-01_Overcoming_creators_block_88194387.md -> added ['homelab-stack']
2026-05-18 10:19:43,034 [INFO] UPDATED: 2025-10-03_Streaming_platform_comparison_13880613.md -> added ['streaming-rig']
2026-05-18 10:19:43,093 [INFO] UPDATED: 2025-10-12_Death_counter_for_stream_16734482.md -> added ['homelab-stack', 'streaming-rig']
2026-05-18 10:19:43,112 [INFO] UPDATED: 2025-10-13_Goal_overlay_persistence_fix_81172348.md -> added ['streaming-rig']
2026-05-18 10:19:43,163 [INFO] UPDATED: 2025-10-22_Career_change_advice_16375409.md -> added ['homelab-stack', 'it-certification', 'private-ai-consulting', 'streaming-rig']
2026-05-18 10:19:43,189 [INFO] UPDATED: 2025-10-23_Repartition_USB_for_BIOS_40951358.md -> added ['homelab-stack']
2026-05-18 10:19:43,214 [INFO] UPDATED: 2025-10-24_Business_idea_discussion_29725846.md -> added ['homelab-stack', 'private-ai-consulting']
2026-05-18 10:19:43,245 [INFO] UPDATED: 2025-10-25_Business_name_feedback_25659629.md -> added ['homelab-stack', 'private-ai-consulting']
2026-05-18 10:19:43,267 [INFO] UPDATED: 2025-10-26_Uplink_solutions_review_61173837.md -> added ['homelab-stack', 'private-ai-consulting']
2026-05-18 10:19:43,283 [INFO] UPDATED: 2025-10-31_Greeting_exchange_51257310.md -> added ['private-ai-consulting']
2026-05-18 10:19:43,301 [INFO] UPDATED: 2025-11-05_Productized_services_list_81176679.md -> added ['homelab-stack', 'private-ai-consulting']
2026-05-18 10:19:43,312 [INFO] UPDATED: 2025-11-05_Top_3_project_focus_71227143.md -> added ['private-ai-consulting']
2026-05-18 10:19:43,328 [INFO] UPDATED: 2025-11-07_Business_name_ideas_40059898.md -> added ['homelab-stack', 'private-ai-consulting']
2026-05-18 10:19:43,336 [INFO] UPDATED: 2025-11-07_Business_name_ideas_53592357.md -> added ['private-ai-consulting']
2026-05-18 10:19:43,360 [INFO] UPDATED: 2025-11-07_PC_repair_business_names_24293468.md -> added ['homelab-stack', 'private-ai-consulting']
2026-05-18 10:19:43,371 [INFO] UPDATED: 2025-11-11_Business_name_ideas_71544774.md -> added ['homelab-stack', 'private-ai-consulting']
2026-05-18 10:19:43,383 [INFO] UPDATED: 2025-11-11_Music_visualizer_in_Discord_46359649.md -> added ['homelab-stack', 'streaming-rig']
2026-05-18 10:19:43,402 [INFO] UPDATED: 2025-11-13_Brainstorm_business_idea_13329440.md -> added ['private-ai-consulting']
2026-05-18 10:19:43,414 [INFO] UPDATED: 2025-11-13_Business_name_ideas_79420482.md -> added ['homelab-stack', 'private-ai-consulting']
2026-05-18 10:19:43,424 [INFO] UPDATED: 2025-11-13_Impulse_Technical_feedback_38071592.md -> added ['homelab-stack', 'private-ai-consulting']
2026-05-18 10:19:43,445 [INFO] UPDATED: 2025-11-23_Brutally_honest_feedback_35314585.md -> added ['homelab-stack', 'private-ai-consulting']
2026-05-18 10:19:43,479 [INFO] UPDATED: 2025-11-24_Brutally_honest_advice_50618549.md -> added ['homelab-stack']
2026-05-18 10:19:43,520 [INFO] UPDATED: 2025-11-24_Pricing_model_comparison_17613010.md -> added ['private-ai-consulting']
2026-05-18 10:19:43,578 [INFO] UPDATED: 2025-12-08_Game_name_suggestions_38092416.md -> added ['flappy-meme-bird']
2026-05-18 10:19:43,598 [INFO] UPDATED: 2026-01-08_Discord_CTA_in_OBS_30091370.md -> added ['streaming-rig']
2026-05-18 10:19:43,672 [INFO] UPDATED: 2025-08-08_Cost_Effective_Mac_Mini_for_LLMs_36717580.md -> added ['homelab-stack']
2026-05-18 10:19:43,696 [INFO] UPDATED: 2025-11-13_Tech_Repair_and_Security_Solutions_28532724.md -> added ['homelab-stack']
2026-05-18 10:19:43,710 [INFO] UPDATED: 2025-11-17_Open_Source_Model_for_Coding_Similarity_79651103.md -> added ['homelab-stack']
2026-05-18 10:19:43,726 [INFO] UPDATED: 2025-11-18_Integrating_Open_Source_AI_Coding_Models_38442136.md -> added ['homelab-stack']
2026-05-18 10:19:43,740 [INFO] UPDATED: 2025-11-18_Kilo_Code_vs_Cursor_Cost_and_Features_38056402.md -> added ['homelab-stack', 'private-ai-consulting']
2026-05-18 10:19:43,771 [INFO] UPDATED: 2025-11-18_VS_Code_Continue_Extension_Configuration_Error_64076806.md -> added ['homelab-stack']
2026-05-18 10:19:43,794 [INFO] UPDATED: 2025-11-19_Tool_Dilemma_Choosing_the_Right_Option_33669620.md -> added ['homelab-stack']
2026-05-18 10:19:43,813 [INFO] UPDATED: 2025-11-20_Best_Vibe_Coding_Tools_for_Beginners_27401941.md -> added ['homelab-stack']
2026-05-18 10:19:43,825 [INFO] UPDATED: 2025-11-20_Windsurf_Free_vs_Pro_Features_54060686.md -> added ['private-ai-consulting']
2026-05-18 10:19:43,833 [INFO] UPDATED: 2025-11-22_Optimal_GPU_Upgrade_RTX_5080_16GB_71005072.md -> added ['homelab-stack']
2026-05-18 10:19:43,887 [INFO] UPDATED: 2025-12-14_Upgrade_GPU_for_Devstral_Small_2_34987009.md -> added ['homelab-stack']
2026-05-18 10:19:43,905 [INFO] UPDATED: 2026-01-25_OpenCode_vs_Claude_Code_Comparison_33911073.md -> added ['homelab-stack', 'private-ai-consulting', 'second-brain-vault']
2026-05-18 10:19:43,914 [INFO] UPDATED: 2026-01-25_Self_Hosted_AI_Assistant_Clawdbot_Overview_77819475.md -> added ['homelab-stack', 'private-ai-consulting']
2026-05-18 10:19:43,924 [INFO] UPDATED: 2026-01-26_Open_Source_LLMs_Prompt_Injection_Resistance_59600766.md -> added ['homelab-stack']
2026-05-18 10:19:43,937 [INFO] UPDATED: 2026-01-30_Bitcoin_Perpetual_Futures_Explained_21105231.md -> added ['operation-immortal-agent']
2026-05-18 10:19:43,955 [INFO] UPDATED: 2026-01-31_Linux_Distro_Choice_PopOS_vs_CachyOS_vs_Zorin_75479128.md -> added ['homelab-stack']
2026-05-18 10:19:43,979 [INFO] UPDATED: 2026-02-17_Multi_Chain_Self_Custodial_Wallet_Recommendations_22758172.md -> added ['operation-immortal-agent']
2026-05-18 10:19:44,001 [INFO] UPDATED: 2026-02-17_Where_to_Buy_HYPE_Crypto_61320825.md -> added ['operation-immortal-agent']
2026-05-18 10:19:44,010 [INFO] UPDATED: 2026-02-17_Where_to_Buy_ICP_Officially_21875186.md -> added ['homelab-stack']
2026-05-18 10:19:44,023 [INFO] UPDATED: 2026-02-18_Axiom_vs_Hyperliquid_Which_is_Better_99707034.md -> added ['homelab-stack', 'operation-immortal-agent']
2026-05-18 10:19:44,036 [INFO] UPDATED: 2026-02-18_Cryptocurrencies_Explained_ICP_NEAR_HYPE_ZEC_16052315.md -> added ['operation-immortal-agent']
2026-05-18 10:19:44,070 [INFO] UPDATED: 2026-02-23_Running_Minecraft_Server_on_iPhone_53922620.md -> added ['homelab-stack']
2026-05-18 10:19:44,078 [INFO] UPDATED: 2026-02-23_Secure_Remote_Access_for_Local_Ollama_23358562.md -> added ['homelab-stack']
2026-05-18 10:19:44,095 [INFO] UPDATED: 2026-02-23_Withdrawing_Perp_Funds_from_Axiom_to_Phantom_38166385.md -> added ['operation-immortal-agent']
2026-05-18 10:19:44,121 [INFO] UPDATED: 2026-03-01_Axiom_Perps_Withdrawal_Phantom_Signing_Issue_59546641.md -> added ['operation-immortal-agent']
2026-05-18 10:19:44,156 [INFO] UPDATED: 2026-03-02_Withdrawing_USDC_from_Axiom_Pro_16117129.md -> added ['operation-immortal-agent']
2026-05-18 10:19:44,191 [INFO] UPDATED: 2026-03-04_Learning_to_Trade_BTC_Perpetual_Futures_85844521.md -> added ['operation-immortal-agent']
2026-05-18 10:19:44,240 [INFO] UPDATED: 2026-03-04_Trading_wBTC_Perps_on_Jupiter_71031492.md -> added ['operation-immortal-agent']
2026-05-18 10:19:44,254 [INFO] UPDATED: 2026-03-11_Adjusting_Leverage_on_Jupiter_Perps_49660135.md -> added ['operation-immortal-agent']
2026-05-18 10:19:44,283 [INFO] UPDATED: 2026-03-11_Jupiter_Perps_Adding_Collateral_Reduces_Leverage_36073302.md -> added ['operation-immortal-agent']
2026-05-18 10:19:44,300 [INFO] UPDATED: 2026-03-11_WBTC_Perpetual_Futures_on_Jupiter_39523439.md -> added ['operation-immortal-agent']
2026-05-18 10:19:44,318 [INFO] UPDATED: 2026-03-15_CachyOS_vs_Tiny11_for_Old_Windows_Games_59431188.md -> added ['homelab-stack', 'streaming-rig']
2026-05-18 10:19:44,347 [INFO] UPDATED: 2026-03-21_Bitcoin_Price_Stability_and_Position_Strategy_81915477.md -> added ['homelab-stack', 'operation-immortal-agent']
2026-05-18 10:19:44,367 [INFO] UPDATED: 2026-03-27_Axiom_Space_Past_Struggles_Recent_Recovery_78364020.md -> added ['operation-immortal-agent']
2026-05-18 10:19:44,384 [INFO] UPDATED: 2026-03-27_Hyperliquid_US_Access_via_VPN_44333963.md -> added ['operation-immortal-agent']
2026-05-18 10:19:44,405 [INFO] UPDATED: 2026-04-07_Hermes_Agent_Using_Claude_Code_Skills_33301158.md -> added ['homelab-stack', 'second-brain-vault']
2026-05-18 10:19:44,405 [INFO] ============================================================
2026-05-18 10:19:44,405 [INFO] SUMMARY
2026-05-18 10:19:44,406 [INFO]   Total files:     3401
2026-05-18 10:19:44,407 [INFO]   Updated:         1345
2026-05-18 10:19:44,409 [INFO]   Unchanged:       2056
2026-05-18 10:19:44,409 [INFO]   Errors:          0
2026-05-18 10:19:44,409 [INFO] 
2026-05-18 10:19:44,409 [INFO] Projects added:
2026-05-18 10:19:44,410 [INFO]   flappy-meme-bird: 19 files
2026-05-18 10:19:44,410 [INFO]   homelab-stack: 787 files
2026-05-18 10:19:44,410 [INFO]   it-certification: 79 files
2026-05-18 10:19:44,410 [INFO]   operation-immortal-agent: 231 files
2026-05-18 10:19:44,411 [INFO]   private-ai-consulting: 94 files
2026-05-18 10:19:44,411 [INFO]   second-brain-vault: 76 files
2026-05-18 10:19:44,411 [INFO]   streaming-rig: 364 files
2026-05-18 10:19:44,411 [INFO] ============================================================
